date,symbol,open,high,low,close,volume,asset_type,fetched_at
2001-08-01,CL=F,26.649999618530273,26.850000381469727,26.329999923706055,26.770000457763672,72772,commodity,2026-04-10T11:50:29.583829
2001-08-02,CL=F,27.5,27.899999618530273,27.350000381469727,27.709999084472656,82555,commodity,2026-04-10T11:50:29.584901
2001-08-03,CL=F,27.549999237060547,27.799999237060547,27.399999618530273,27.6200008392334,53006,commodity,2026-04-10T11:50:29.585047
2001-08-06,CL=F,27.600000381469727,27.790000915527344,27.3799991607666,27.739999771118164,37371,commodity,2026-04-10T11:50:29.585156
2001-08-07,CL=F,28.399999618530273,28.399999618530273,27.899999618530273,27.940000534057617,68661,commodity,2026-04-10T11:50:29.585255
2001-08-08,CL=F,28.149999618530273,28.239999771118164,27.5,27.540000915527344,65167,commodity,2026-04-10T11:50:29.585349
2001-08-09,CL=F,27.450000762939453,27.719999313354492,27.3799991607666,27.639999389648438,50368,commodity,2026-04-10T11:50:29.585442
2001-08-10,CL=F,27.780000686645508,28.420000076293945,27.719999313354492,28.049999237060547,70358,commodity,2026-04-10T11:50:29.585534
2001-08-13,CL=F,28.170000076293945,28.25,27.700000762939453,27.81999969482422,52473,commodity,2026-04-10T11:50:29.585790
2001-08-14,CL=F,27.81999969482422,28.049999237060547,27.700000762939453,28.010000228881836,48980,commodity,2026-04-10T11:50:29.586131
2001-08-15,CL=F,28.200000762939453,28.25,27.420000076293945,27.559999465942383,79697,commodity,2026-04-10T11:50:29.586346
2001-08-16,CL=F,27.56999969482422,27.600000381469727,27.149999618530273,27.450000762939453,70918,commodity,2026-04-10T11:50:29.586463
2001-08-17,CL=F,27.329999923706055,27.399999618530273,26.549999237060547,26.6299991607666,61936,commodity,2026-04-10T11:50:29.586558
2001-08-20,CL=F,26.649999618530273,27.25,26.350000381469727,27.18000030517578,53562,commodity,2026-04-10T11:50:29.586676
2001-08-21,CL=F,27.100000381469727,28.100000381469727,27.100000381469727,27.850000381469727,99270,commodity,2026-04-10T11:50:29.586768
2001-08-22,CL=F,27.1200008392334,27.25,26.350000381469727,26.3700008392334,93777,commodity,2026-04-10T11:50:29.586854
2001-08-23,CL=F,26.549999237060547,26.719999313354492,26.280000686645508,26.6299991607666,59594,commodity,2026-04-10T11:50:29.586939
2001-08-24,CL=F,26.700000762939453,27.149999618530273,26.6299991607666,26.899999618530273,79958,commodity,2026-04-10T11:50:29.587024
2001-08-27,CL=F,27.049999237060547,27.06999969482422,26.440000534057617,26.670000076293945,58962,commodity,2026-04-10T11:50:29.587110
2001-08-28,CL=F,26.649999618530273,27.3799991607666,26.510000228881836,27.170000076293945,71885,commodity,2026-04-10T11:50:29.587194
2001-08-29,CL=F,27.350000381469727,27.600000381469727,26.770000457763672,27.049999237060547,81961,commodity,2026-04-10T11:50:29.587277
2001-08-30,CL=F,26.850000381469727,27.020000457763672,26.520000457763672,26.549999237060547,3185,commodity,2026-04-10T11:50:29.587359
2001-08-31,CL=F,26.700000762939453,27.25,26.6200008392334,27.200000762939453,47548,commodity,2026-04-10T11:50:29.587443
2001-09-04,CL=F,27.049999237060547,27.139999389648438,26.760000228881836,26.93000030517578,55640,commodity,2026-04-10T11:50:29.587527
2001-09-05,CL=F,26.829999923706055,27.229999542236328,26.760000228881836,26.950000762939453,60595,commodity,2026-04-10T11:50:29.587631
2001-09-06,CL=F,27.149999618530273,27.649999618530273,27.049999237060547,27.579999923706055,87936,commodity,2026-04-10T11:50:29.587721
2001-09-07,CL=F,27.600000381469727,28.149999618530273,27.43000030517578,28.030000686645508,98291,commodity,2026-04-10T11:50:29.587889
2001-09-10,CL=F,27.75,28.0,27.56999969482422,27.6299991607666,0,commodity,2026-04-10T11:50:29.588034
2001-09-14,CL=F,29.979999542236328,29.979999542236328,29.450000762939453,29.530000686645508,0,commodity,2026-04-10T11:50:29.588300
2001-09-17,CL=F,27.0,29.25,28.299999237060547,28.809999465942383,101804,commodity,2026-04-10T11:50:29.588436
2001-09-18,CL=F,28.0,28.799999237060547,27.600000381469727,27.700000762939453,69950,commodity,2026-04-10T11:50:29.588538
2001-09-19,CL=F,27.31999969482422,27.5,25.799999237060547,26.719999313354492,6135,commodity,2026-04-10T11:50:29.588731
2001-09-20,CL=F,26.700000762939453,27.0,25.899999618530273,26.59000015258789,27931,commodity,2026-04-10T11:50:29.588888
2001-09-21,CL=F,26.450000762939453,26.799999237060547,25.899999618530273,25.969999313354492,97581,commodity,2026-04-10T11:50:29.588995
2001-09-24,CL=F,23.899999618530273,24.0,21.799999237060547,22.010000228881836,108959,commodity,2026-04-10T11:50:29.589090
2001-09-25,CL=F,22.950000762939453,23.149999618530273,21.25,21.809999465942383,90612,commodity,2026-04-10T11:50:29.589183
2001-09-26,CL=F,21.399999618530273,22.5,20.299999237060547,22.3799991607666,3731,commodity,2026-04-10T11:50:29.589273
2001-09-27,CL=F,22.299999237060547,22.940000534057617,21.950000762939453,22.739999771118164,56833,commodity,2026-04-10T11:50:29.589361
2001-09-28,CL=F,23.149999618530273,23.489999771118164,23.0,23.43000030517578,60080,commodity,2026-04-10T11:50:29.589449
2001-10-01,CL=F,22.799999237060547,23.399999618530273,22.399999618530273,23.280000686645508,50970,commodity,2026-04-10T11:50:29.589537
2001-10-02,CL=F,23.0,23.34000015258789,22.75,22.790000915527344,42332,commodity,2026-04-10T11:50:29.589650
2001-10-03,CL=F,22.100000381469727,22.399999618530273,21.719999313354492,22.079999923706055,60413,commodity,2026-04-10T11:50:29.589742
2001-10-04,CL=F,22.649999618530273,22.899999618530273,22.079999923706055,22.6299991607666,56132,commodity,2026-04-10T11:50:29.590255
2001-10-05,CL=F,23.049999237060547,23.100000381469727,22.299999237060547,22.389999389648438,57970,commodity,2026-04-10T11:50:29.590585
2001-10-08,CL=F,22.299999237060547,22.700000762939453,21.950000762939453,22.450000762939453,51267,commodity,2026-04-10T11:50:29.590689
2001-10-09,CL=F,22.5,22.6200008392334,22.260000228881836,22.479999542236328,46246,commodity,2026-04-10T11:50:29.590786
2001-10-10,CL=F,22.75,22.920000076293945,22.43000030517578,22.530000686645508,49156,commodity,2026-04-10T11:50:29.590879
2001-10-11,CL=F,22.75,23.399999618530273,22.25,23.34000015258789,63486,commodity,2026-04-10T11:50:29.591105
2001-10-12,CL=F,23.649999618530273,23.979999542236328,22.059999465942383,22.5,93048,commodity,2026-04-10T11:50:29.591242
2001-08-01,^GSPC,1211.22998046875,1223.0400390625,1211.22998046875,1215.9300537109375,1340300000,index,2026-04-10T11:50:30.870494
2001-08-02,^GSPC,1215.9300537109375,1226.27001953125,1215.31005859375,1220.75,1218300000,index,2026-04-10T11:50:30.870716
2001-08-03,^GSPC,1220.75,1220.75,1205.31005859375,1214.3499755859375,939900000,index,2026-04-10T11:50:30.870829
2001-08-06,^GSPC,1214.3499755859375,1214.3499755859375,1197.3499755859375,1200.47998046875,811700000,index,2026-04-10T11:50:30.870929
2001-08-07,^GSPC,1200.469970703125,1207.56005859375,1195.6400146484375,1204.4000244140625,1012000000,index,2026-04-10T11:50:30.871025
2001-08-08,^GSPC,1204.4000244140625,1206.7900390625,1181.27001953125,1183.530029296875,1124600000,index,2026-04-10T11:50:30.871118
2001-08-09,^GSPC,1183.530029296875,1184.7099609375,1174.6800537109375,1183.4300537109375,1104200000,index,2026-04-10T11:50:30.871209
2001-08-10,^GSPC,1183.4300537109375,1193.3299560546875,1169.550048828125,1190.1600341796875,960900000,index,2026-04-10T11:50:30.871299
2001-08-13,^GSPC,1190.1600341796875,1193.8199462890625,1185.1199951171875,1191.2900390625,837600000,index,2026-04-10T11:50:30.871388
2001-08-14,^GSPC,1191.2900390625,1198.7900390625,1184.260009765625,1186.72998046875,964600000,index,2026-04-10T11:50:30.871582
2001-08-15,^GSPC,1186.72998046875,1191.2099609375,1177.6099853515625,1178.02001953125,1065600000,index,2026-04-10T11:50:30.871729
2001-08-16,^GSPC,1178.02001953125,1181.800048828125,1166.0799560546875,1181.6600341796875,1055400000,index,2026-04-10T11:50:30.871828
2001-08-17,^GSPC,1181.6600341796875,1181.6600341796875,1156.0699462890625,1161.969970703125,974300000,index,2026-04-10T11:50:30.871921
2001-08-20,^GSPC,1161.969970703125,1171.4100341796875,1160.93994140625,1171.4100341796875,897100000,index,2026-04-10T11:50:30.872011
2001-08-21,^GSPC,1171.4100341796875,1179.8499755859375,1156.56005859375,1157.260009765625,1041600000,index,2026-04-10T11:50:30.872102
2001-08-22,^GSPC,1157.260009765625,1168.56005859375,1153.3399658203125,1165.31005859375,1110800000,index,2026-04-10T11:50:30.872190
2001-08-23,^GSPC,1165.31005859375,1169.8599853515625,1160.9599609375,1162.0899658203125,986200000,index,2026-04-10T11:50:30.872281
2001-08-24,^GSPC,1162.0899658203125,1185.1500244140625,1162.0899658203125,1184.9300537109375,1043600000,index,2026-04-10T11:50:30.872370
2001-08-27,^GSPC,1184.9300537109375,1186.8499755859375,1178.0699462890625,1179.2099609375,842600000,index,2026-04-10T11:50:30.872459
2001-08-28,^GSPC,1179.2099609375,1179.6600341796875,1161.1700439453125,1161.510009765625,987100000,index,2026-04-10T11:50:30.872545
2001-08-29,^GSPC,1161.510009765625,1166.969970703125,1147.3800048828125,1148.56005859375,963700000,index,2026-04-10T11:50:30.872649
2001-08-30,^GSPC,1148.5999755859375,1151.75,1124.8699951171875,1129.030029296875,1157000000,index,2026-04-10T11:50:30.872740
2001-08-31,^GSPC,1129.030029296875,1141.8299560546875,1126.3800048828125,1133.5799560546875,920100000,index,2026-04-10T11:50:30.872827
2001-09-04,^GSPC,1133.5799560546875,1155.4000244140625,1129.06005859375,1132.93994140625,1178300000,index,2026-04-10T11:50:30.872913
2001-09-05,^GSPC,1132.93994140625,1135.52001953125,1114.8599853515625,1131.739990234375,1384500000,index,2026-04-10T11:50:30.872999
2001-09-06,^GSPC,1131.739990234375,1131.739990234375,1105.8299560546875,1106.4000244140625,1359700000,index,2026-04-10T11:50:30.873084
2001-09-07,^GSPC,1106.4000244140625,1106.4000244140625,1082.1199951171875,1085.780029296875,1424300000,index,2026-04-10T11:50:30.873169
2001-09-10,^GSPC,1085.780029296875,1096.93994140625,1073.1500244140625,1092.5400390625,1276600000,index,2026-04-10T11:50:30.873254
2001-09-17,^GSPC,1092.5400390625,1092.5400390625,1037.4599609375,1038.77001953125,2330830000,index,2026-04-10T11:50:30.873340
2001-09-18,^GSPC,1038.77001953125,1046.4200439453125,1029.25,1032.739990234375,1650410000,index,2026-04-10T11:50:30.873478
2001-09-19,^GSPC,1032.739990234375,1038.9100341796875,984.6199951171875,1016.0999755859375,2120550000,index,2026-04-10T11:50:30.873669
2001-09-20,^GSPC,1016.0999755859375,1016.0999755859375,984.489990234375,984.5399780273438,2004800000,index,2026-04-10T11:50:30.873780
2001-09-21,^GSPC,984.5399780273438,984.5399780273438,944.75,965.7999877929688,2317300000,index,2026-04-10T11:50:30.873877
2001-09-24,^GSPC,965.7999877929688,1008.4400024414062,965.7999877929688,1003.4500122070312,1746600000,index,2026-04-10T11:50:30.873970
2001-09-25,^GSPC,1003.4500122070312,1017.1400146484375,998.3300170898438,1012.27001953125,1613800000,index,2026-04-10T11:50:30.874061
2001-09-26,^GSPC,1012.27001953125,1020.2899780273438,1002.6199951171875,1007.0399780273438,1519100000,index,2026-04-10T11:50:30.874150
2001-09-27,^GSPC,1007.0399780273438,1018.9199829101562,998.239990234375,1018.6099853515625,1467000000,index,2026-04-10T11:50:30.874252
2001-09-28,^GSPC,1018.6099853515625,1040.93994140625,1018.6099853515625,1040.93994140625,1631500000,index,2026-04-10T11:50:30.874534
2001-10-01,^GSPC,1040.93994140625,1040.93994140625,1026.760009765625,1038.550048828125,1175600000,index,2026-04-10T11:50:30.874694
2001-10-02,^GSPC,1038.550048828125,1051.3299560546875,1034.469970703125,1051.3299560546875,1289800000,index,2026-04-10T11:50:30.874798
2001-10-03,^GSPC,1051.3299560546875,1075.3800048828125,1041.47998046875,1072.280029296875,1650600000,index,2026-04-10T11:50:30.874892
2001-10-04,^GSPC,1072.280029296875,1084.1199951171875,1067.8199462890625,1069.6300048828125,1609100000,index,2026-04-10T11:50:30.874985
2001-10-05,^GSPC,1069.6199951171875,1072.3499755859375,1053.5,1071.3800048828125,1301700000,index,2026-04-10T11:50:30.875077
2001-10-08,^GSPC,1071.3699951171875,1071.3699951171875,1056.8800048828125,1062.43994140625,979000000,index,2026-04-10T11:50:30.875166
2001-10-09,^GSPC,1062.43994140625,1063.3699951171875,1053.8299560546875,1056.75,1227800000,index,2026-04-10T11:50:30.875256
2001-10-10,^GSPC,1056.75,1081.6199951171875,1052.760009765625,1080.989990234375,1312400000,index,2026-04-10T11:50:30.875344
2001-10-11,^GSPC,1080.989990234375,1099.1600341796875,1080.989990234375,1097.4300537109375,1704580000,index,2026-04-10T11:50:30.875476
2001-10-12,^GSPC,1097.4300537109375,1097.4300537109375,1072.1500244140625,1091.6500244140625,1331400000,index,2026-04-10T11:50:30.875667
2001-08-01,LUV,16.875641557392807,17.15548882036686,16.765399382422302,16.858680725097656,2056300,equity,2026-04-10T11:50:34.730481
2001-08-02,LUV,16.858679718234274,16.858679718234274,16.51099076431889,16.629714965820312,1174300,equity,2026-04-10T11:50:34.730870
2001-08-03,LUV,16.53642879350754,16.638192143925192,16.40922581859066,16.5279483795166,1017100,equity,2026-04-10T11:50:34.731054
2001-08-06,LUV,16.53643619227721,16.66363922410756,16.40923316044686,16.494035720825195,1111200,equity,2026-04-10T11:50:34.731165
2001-08-07,LUV,16.50250860231148,16.59579154701802,16.28202428887121,16.451627731323242,787800,equity,2026-04-10T11:50:34.731265
2001-08-08,LUV,16.34138904691672,16.595795073389308,16.22266483275199,16.332908630371094,902600,equity,2026-04-10T11:50:34.731361
2001-08-09,LUV,16.137865070943942,16.239626841912912,15.6884126663208,15.6884126663208,2252500,equity,2026-04-10T11:50:34.731455
2001-08-10,LUV,15.730816061219812,15.97674335218335,15.476409968993279,15.773218154907227,1961700,equity,2026-04-10T11:50:34.731545
2001-08-13,LUV,15.688412200519478,15.764734335217234,15.35768402847863,15.400084495544434,2069800,equity,2026-04-10T11:50:34.731667
2001-08-14,LUV,15.51880379235376,15.705369689649311,15.357680757837885,15.434002876281738,1696300,equity,2026-04-10T11:50:34.731764
2001-08-15,LUV,15.434005169450836,15.450964384700747,14.950631141662598,14.950631141662598,1359700,equity,2026-04-10T11:50:34.731855
2001-08-16,LUV,14.916710575502712,15.281360379029934,14.882788911233213,15.13719654083252,1820300,equity,2026-04-10T11:50:34.731944
2001-08-17,LUV,15.120236233953984,15.120236233953984,14.857349796628966,14.950631141662598,941400,equity,2026-04-10T11:50:34.732034
2001-08-20,LUV,15.349204067300594,15.722334334959916,15.120237656409135,15.6884126663208,1735800,equity,2026-04-10T11:50:34.732123
2001-08-21,LUV,15.866487572255817,15.883448396952494,15.111748665459649,15.264392852783203,1394300,equity,2026-04-10T11:50:34.732212
2001-08-22,LUV,15.179597854614258,15.391603415761033,15.060875257963765,15.179597854614258,1807000,equity,2026-04-10T11:50:34.732302
2001-08-23,LUV,15.22200523791621,15.408569614399928,15.137202660432836,15.21352481842041,1061800,equity,2026-04-10T11:50:34.732391
2001-08-24,LUV,15.179601783079333,15.841059887332602,15.128720888128925,15.773218154907227,1089600,equity,2026-04-10T11:50:34.732478
2001-08-27,LUV,15.603614180372078,15.722338434088583,15.47641112475939,15.493371963500977,1035900,equity,2026-04-10T11:50:34.732565
2001-08-28,LUV,15.28135863939403,15.535764622557682,15.009991826026457,15.434002876281738,1364300,equity,2026-04-10T11:50:34.732669
2001-08-29,LUV,15.306811936656871,15.357694472708229,15.060886148976259,15.128727912902832,963100,equity,2026-04-10T11:50:34.732757
2001-08-30,LUV,15.018466811245085,15.3831164806948,14.85734381762998,15.06934928894043,1875000,equity,2026-04-10T11:50:34.732844
2001-08-31,LUV,14.97180683706382,15.395937351529819,14.946360041670749,15.175389289855957,1225900,equity,2026-04-10T11:50:34.733314
2001-09-04,LUV,15.175381475073216,15.955781284529634,15.065108309987808,15.480755805969238,2026500,equity,2026-04-10T11:50:34.733447
2001-09-05,LUV,15.311115885495727,15.31959869268482,14.912433655188556,15.082086563110352,2927600,equity,2026-04-10T11:50:34.733546
2001-09-06,LUV,15.014224396037221,15.302633343246425,14.83608869667629,15.056636810302734,2255100,equity,2026-04-10T11:50:34.733664
2001-09-07,LUV,14.870018226554937,15.141461529928742,14.361061223764194,14.36954402923584,2464200,equity,2026-04-10T11:50:34.733760
2001-09-10,LUV,14.199886307469358,14.590087136292256,14.0217523071733,14.522226333618164,2309100,equity,2026-04-10T11:50:34.733852
2001-09-17,LUV,9.542935719856848,11.8756533402663,9.542935719856848,11.027392387390137,30977900,equity,2026-04-10T11:50:34.733942
2001-09-18,LUV,11.83324204021244,12.18102895757536,10.94256773418251,11.018911361694336,23183000,equity,2026-04-10T11:50:34.734032
2001-09-19,LUV,11.451525172765201,11.739934084328478,10.772916111845406,10.883190155029297,11574600,equity,2026-04-10T11:50:34.734119
2001-09-20,LUV,11.112221046787727,11.197046673799672,10.645677266845064,10.883190155029297,10990600,equity,2026-04-10T11:50:34.734220
2001-09-21,LUV,10.620227531079449,11.807792542947805,10.433609894712244,11.536349296569824,10505800,equity,2026-04-10T11:50:34.734312
2001-09-24,LUV,12.359157218770337,12.715426750928005,11.621170561862131,11.663583755493164,10786000,equity,2026-04-10T11:50:34.734399
2001-09-25,LUV,11.892617602232429,12.214956015970774,11.867169194070511,11.92654800415039,5563800,equity,2026-04-10T11:50:34.734486
2001-09-26,LUV,12.062271915194046,12.104685127931734,11.790827839051685,11.960480690002441,5059000,equity,2026-04-10T11:50:34.734575
2001-09-27,LUV,12.045303227302538,12.053786029474518,11.63813843062201,11.867168426513672,4150700,equity,2026-04-10T11:50:34.734792
2001-09-28,LUV,11.960480921454867,12.71543272514319,11.951998116950225,12.588193893432617,5041800,equity,2026-04-10T11:50:34.734997
2001-10-01,LUV,12.639092075532183,12.774814552637167,12.316753518182086,12.41854476928711,3600400,equity,2026-04-10T11:50:34.735129
2001-10-02,LUV,12.681501058561611,13.232871162216705,12.656053456535894,12.995357513427734,5492500,equity,2026-04-10T11:50:34.735231
2001-10-03,LUV,12.995355391893272,13.563690201128091,12.995355391893272,13.394038200378418,5909700,equity,2026-04-10T11:50:34.735325
2001-10-04,LUV,13.99631250965369,14.0387249306927,13.360116486487613,13.4025297164917,6691200,equity,2026-04-10T11:50:34.735417
2001-10-05,LUV,13.436454146436372,13.614588176873832,12.808741211005739,13.13107967376709,3846900,equity,2026-04-10T11:50:34.735511
2001-10-08,LUV,13.10563448717038,13.14804770607974,12.732399940490723,12.732399940490723,2275300,equity,2026-04-10T11:50:34.735637
2001-10-09,LUV,12.978396618968562,13.029291838329284,12.723918095270172,12.825709342956543,2656700,equity,2026-04-10T11:50:34.735734
2001-10-10,LUV,12.90204685442682,13.597621263437631,12.791772852888954,13.555207252502441,3147500,equity,2026-04-10T11:50:34.735824
2001-10-11,LUV,13.903002152431945,14.081137866283662,13.48735431068464,13.657007217407227,4415800,equity,2026-04-10T11:50:34.735999
2001-10-12,LUV,13.614589790818677,13.614589790818677,12.817224725472784,13.088668823242188,3767500,equity,2026-04-10T11:50:34.736119
