observation_date,DCOILWTICO
1986-01-02,25.56
1986-01-03,26.00
1986-01-06,26.53
1986-01-07,25.85
1986-01-08,25.87
1986-01-09,26.03
1986-01-10,25.65
1986-01-13,25.08
1986-01-14,24.97
1986-01-15,25.18
1986-01-16,23.98
1986-01-17,23.63
1986-01-20,21.33
1986-01-21,20.61
1986-01-22,20.25
1986-01-23,19.93
1986-01-24,19.45
1986-01-27,20.87
1986-01-28,19.45
1986-01-29,19.61
1986-01-30,19.58
1986-01-31,18.95
1986-02-03,17.42
1986-02-04,15.58
1986-02-05,16.28
1986-02-06,16.60
1986-02-07,17.70
1986-02-10,16.78
1986-02-11,16.28
1986-02-12,15.74
1986-02-13,16.43
1986-02-14,16.03
1986-02-17,
1986-02-18,14.70
1986-02-19,15.08
1986-02-20,14.13
1986-02-21,13.63
1986-02-24,14.68
1986-02-25,14.68
1986-02-26,14.62
1986-02-27,14.05
1986-02-28,13.23
1986-03-03,11.98
1986-03-04,11.98
1986-03-05,12.03
1986-03-06,13.13
1986-03-07,12.24
1986-03-10,12.94
1986-03-11,13.23
1986-03-12,14.05
1986-03-13,12.60
1986-03-14,12.55
1986-03-17,13.28
1986-03-18,14.03
1986-03-19,13.25
1986-03-20,12.75
1986-03-21,13.95
1986-03-24,12.20
1986-03-25,12.43
1986-03-26,12.03
1986-03-27,11.35
1986-03-28,
1986-03-31,10.25
1986-04-01,11.13
1986-04-02,11.35
1986-04-03,11.70
1986-04-04,12.75
1986-04-07,14.39
1986-04-08,12.83
1986-04-09,13.00
1986-04-10,13.45
1986-04-11,13.63
1986-04-14,12.94
1986-04-15,12.72
1986-04-16,11.50
1986-04-17,11.75
1986-04-18,11.88
1986-04-21,12.48
1986-04-22,13.13
1986-04-23,13.70
1986-04-24,13.65
1986-04-25,14.23
1986-04-28,13.34
1986-04-29,13.63
1986-04-30,13.38
1986-05-01,13.80
1986-05-02,14.65
1986-05-05,14.32
1986-05-06,14.43
1986-05-07,15.13
1986-05-08,15.70
1986-05-09,15.83
1986-05-12,15.75
1986-05-13,15.65
1986-05-14,15.53
1986-05-15,15.68
1986-05-16,16.08
1986-05-19,17.13
1986-05-20,16.18
1986-05-21,15.53
1986-05-22,16.04
1986-05-23,16.95
1986-05-26,
1986-05-27,15.10
1986-05-28,14.65
1986-05-29,14.50
1986-05-30,14.30
1986-06-02,13.80
1986-06-03,13.35
1986-06-04,13.15
1986-06-05,13.21
1986-06-06,12.73
1986-06-09,12.61
1986-06-10,12.38
1986-06-11,13.52
1986-06-12,13.69
1986-06-13,13.83
1986-06-16,13.65
1986-06-17,13.65
1986-06-18,13.62
1986-06-19,13.73
1986-06-20,14.44
1986-06-23,14.05
1986-06-24,13.98
1986-06-25,13.23
1986-06-26,13.14
1986-06-27,13.38
1986-06-30,12.80
1986-07-01,12.39
1986-07-02,12.04
1986-07-03,11.70
1986-07-04,
1986-07-07,11.18
1986-07-08,11.19
1986-07-09,11.00
1986-07-10,11.13
1986-07-11,11.13
1986-07-14,11.23
1986-07-15,11.85
1986-07-16,12.68
1986-07-17,12.30
1986-07-18,12.80
1986-07-21,13.07
1986-07-22,10.88
1986-07-23,10.83
1986-07-24,10.95
1986-07-25,10.83
1986-07-28,11.09
1986-07-29,11.63
1986-07-30,11.73
1986-07-31,11.23
1986-08-01,11.56
1986-08-04,14.00
1986-08-05,14.35
1986-08-06,14.80
1986-08-07,15.18
1986-08-08,14.83
1986-08-11,14.92
1986-08-12,15.50
1986-08-13,15.28
1986-08-14,15.43
1986-08-15,15.83
1986-08-18,15.58
1986-08-19,14.98
1986-08-20,15.23
1986-08-21,15.23
1986-08-22,15.48
1986-08-25,15.48
1986-08-26,15.78
1986-08-27,15.83
1986-08-28,15.83
1986-08-29,15.93
1986-09-01,
1986-09-02,16.43
1986-09-03,16.03
1986-09-04,16.18
1986-09-05,15.63
1986-09-08,15.63
1986-09-09,15.00
1986-09-10,14.90
1986-09-11,15.05
1986-09-12,15.06
1986-09-15,14.31
1986-09-16,13.80
1986-09-17,14.03
1986-09-18,14.55
1986-09-19,14.47
1986-09-22,13.94
1986-09-23,14.30
1986-09-24,14.55
1986-09-25,14.28
1986-09-26,14.43
1986-09-29,14.93
1986-09-30,14.70
1986-10-01,15.23
1986-10-02,15.38
1986-10-03,14.86
1986-10-06,14.83
1986-10-07,15.60
1986-10-08,15.35
1986-10-09,15.05
1986-10-10,14.98
1986-10-13,
1986-10-14,14.55
1986-10-15,14.83
1986-10-16,14.53
1986-10-17,14.85
1986-10-20,15.17
1986-10-21,15.22
1986-10-22,14.85
1986-10-23,14.88
1986-10-24,14.93
1986-10-27,14.40
1986-10-28,14.18
1986-10-29,13.73
1986-10-30,15.08
1986-10-31,15.25
1986-11-03,14.70
1986-11-04,15.05
1986-11-05,14.93
1986-11-06,15.08
1986-11-07,15.15
1986-11-10,15.30
1986-11-11,15.39
1986-11-12,15.33
1986-11-13,15.55
1986-11-14,15.68
1986-11-17,15.62
1986-11-18,15.65
1986-11-19,15.52
1986-11-20,15.10
1986-11-21,15.13
1986-11-24,14.98
1986-11-25,15.05
1986-11-26,15.00
1986-11-27,
1986-11-28,15.00
1986-12-01,15.29
1986-12-02,15.22
1986-12-03,15.13
1986-12-04,15.20
1986-12-05,15.14
1986-12-08,15.01
1986-12-09,14.93
1986-12-10,15.12
1986-12-11,15.49
1986-12-12,16.13
1986-12-15,16.38
1986-12-16,16.11
1986-12-17,15.83
1986-12-18,16.28
1986-12-19,16.55
1986-12-22,16.95
1986-12-23,16.93
1986-12-24,17.26
1986-12-25,
1986-12-26,
1986-12-29,17.65
1986-12-30,17.73
1986-12-31,17.93
1987-01-01,
1987-01-02,18.13
1987-01-05,17.98
1987-01-06,18.21
1987-01-07,18.28
1987-01-08,18.63
1987-01-09,18.78
1987-01-12,19.00
1987-01-13,18.86
1987-01-14,19.13
1987-01-15,19.09
1987-01-16,19.13
1987-01-19,18.70
1987-01-20,18.73
1987-01-21,18.60
1987-01-22,18.76
1987-01-23,18.59
1987-01-26,18.63
1987-01-27,18.48
1987-01-28,18.56
1987-01-29,18.68
1987-01-30,18.73
1987-02-02,18.59
1987-02-03,18.38
1987-02-04,18.26
1987-02-05,18.56
1987-02-06,18.44
1987-02-09,18.37
1987-02-10,18.43
1987-02-11,18.03
1987-02-12,18.05
1987-02-13,17.83
1987-02-16,
1987-02-17,17.78
1987-02-18,17.44
1987-02-19,17.48
1987-02-20,17.83
1987-02-23,17.15
1987-02-24,16.75
1987-02-25,16.43
1987-02-26,16.98
1987-02-27,16.45
1987-03-02,16.43
1987-03-03,17.40
1987-03-04,17.40
1987-03-05,18.00
1987-03-06,18.13
1987-03-09,18.13
1987-03-10,18.27
1987-03-11,18.33
1987-03-12,18.42
1987-03-13,18.39
1987-03-16,18.61
1987-03-17,18.94
1987-03-18,18.75
1987-03-19,18.61
1987-03-20,18.70
1987-03-23,18.60
1987-03-24,
1987-03-25,18.48
1987-03-26,18.63
1987-03-27,18.65
1987-03-30,18.67
1987-03-31,18.82
1987-04-01,18.78
1987-04-02,18.90
1987-04-03,18.68
1987-04-06,18.71
1987-04-07,18.69
1987-04-08,18.68
1987-04-09,18.64
1987-04-10,18.26
1987-04-13,18.07
1987-04-14,18.09
1987-04-15,18.46
1987-04-16,18.58
1987-04-17,
1987-04-20,18.66
1987-04-21,18.97
1987-04-22,19.03
1987-04-23,19.03
1987-04-24,19.01
1987-04-27,18.83
1987-04-28,18.73
1987-04-29,18.66
1987-04-30,18.76
1987-05-01,18.84
1987-05-04,18.93
1987-05-05,19.18
1987-05-06,19.22
1987-05-07,19.08
1987-05-08,19.28
1987-05-11,19.43
1987-05-12,19.37
1987-05-13,19.39
1987-05-14,19.56
1987-05-15,19.84
1987-05-18,19.91
1987-05-19,19.97
1987-05-20,19.75
1987-05-21,19.95
1987-05-22,19.68
1987-05-25,
1987-05-26,19.35
1987-05-27,19.38
1987-05-28,19.28
1987-05-29,19.36
1987-06-01,19.55
1987-06-02,19.70
1987-06-03,19.87
1987-06-04,19.75
1987-06-05,19.79
1987-06-08,19.94
1987-06-09,19.84
1987-06-10,19.83
1987-06-11,19.85
1987-06-12,19.93
1987-06-15,20.07
1987-06-16,20.27
1987-06-17,20.41
1987-06-18,20.50
1987-06-19,20.65
1987-06-22,20.49
1987-06-23,19.95
1987-06-24,20.13
1987-06-25,20.15
1987-06-26,20.34
1987-06-29,20.38
1987-06-30,20.22
1987-07-01,20.47
1987-07-02,20.61
1987-07-03,20.61
1987-07-06,20.92
1987-07-07,20.76
1987-07-08,20.94
1987-07-09,21.32
1987-07-10,21.34
1987-07-13,21.38
1987-07-14,21.65
1987-07-15,22.23
1987-07-16,22.44
1987-07-17,22.44
1987-07-20,22.23
1987-07-21,21.75
1987-07-22,21.73
1987-07-23,21.23
1987-07-24,20.58
1987-07-27,20.50
1987-07-28,21.35
1987-07-29,21.49
1987-07-30,21.47
1987-07-31,21.43
1987-08-03,22.21
1987-08-04,21.82
1987-08-05,21.37
1987-08-06,21.17
1987-08-07,21.01
1987-08-10,20.70
1987-08-11,21.07
1987-08-12,20.96
1987-08-13,20.76
1987-08-14,20.53
1987-08-17,19.85
1987-08-18,19.84
1987-08-19,19.71
1987-08-20,19.47
1987-08-21,19.20
1987-08-24,19.18
1987-08-25,19.30
1987-08-26,19.49
1987-08-27,19.69
1987-08-28,19.44
1987-08-31,19.76
1987-09-01,19.61
1987-09-02,19.62
1987-09-03,19.48
1987-09-04,19.34
1987-09-07,19.34
1987-09-08,18.99
1987-09-09,19.43
1987-09-10,19.72
1987-09-11,19.42
1987-09-14,19.64
1987-09-15,19.66
1987-09-16,19.71
1987-09-17,19.58
1987-09-18,19.58
1987-09-21,19.77
1987-09-22,19.35
1987-09-23,19.66
1987-09-24,19.61
1987-09-25,19.47
1987-09-28,19.48
1987-09-29,19.58
1987-09-30,19.62
1987-10-01,19.62
1987-10-02,19.88
1987-10-05,19.81
1987-10-06,19.33
1987-10-07,19.68
1987-10-08,19.77
1987-10-09,19.67
1987-10-12,19.67
1987-10-13,19.66
1987-10-14,19.79
1987-10-15,19.77
1987-10-16,20.23
1987-10-19,19.79
1987-10-20,19.79
1987-10-21,19.93
1987-10-22,20.19
1987-10-23,20.18
1987-10-26,20.00
1987-10-27,20.15
1987-10-28,20.10
1987-10-29,19.93
1987-10-30,19.96
1987-11-02,19.64
1987-11-03,19.39
1987-11-04,19.09
1987-11-05,19.02
1987-11-06,18.73
1987-11-09,18.66
1987-11-10,18.98
1987-11-11,18.92
1987-11-12,18.93
1987-11-13,18.89
1987-11-16,18.69
1987-11-17,18.28
1987-11-18,18.62
1987-11-19,18.55
1987-11-20,18.87
1987-11-23,19.31
1987-11-24,18.73
1987-11-25,18.63
1987-11-26,
1987-11-27,18.63
1987-11-30,18.52
1987-12-01,18.44
1987-12-02,18.59
1987-12-03,18.87
1987-12-04,18.68
1987-12-07,18.30
1987-12-08,18.06
1987-12-09,18.53
1987-12-10,18.51
1987-12-11,18.31
1987-12-14,17.47
1987-12-15,16.75
1987-12-16,15.97
1987-12-17,15.97
1987-12-18,15.57
1987-12-21,15.12
1987-12-22,16.60
1987-12-23,16.64
1987-12-24,16.54
1987-12-25,
1987-12-28,16.46
1987-12-29,16.95
1987-12-30,16.97
1987-12-31,16.74
1988-01-01,
1988-01-04,17.77
1988-01-05,17.89
1988-01-06,17.73
1988-01-07,17.30
1988-01-08,17.33
1988-01-11,16.63
1988-01-12,16.76
1988-01-13,16.56
1988-01-14,17.10
1988-01-15,16.92
1988-01-18,17.28
1988-01-19,17.30
1988-01-20,17.20
1988-01-21,17.21
1988-01-22,16.99
1988-01-25,17.11
1988-01-26,16.96
1988-01-27,16.64
1988-01-28,16.94
1988-01-29,16.97
1988-02-01,16.83
1988-02-02,16.92
1988-02-03,17.12
1988-02-04,17.17
1988-02-05,17.34
1988-02-08,17.70
1988-02-09,17.38
1988-02-10,17.12
1988-02-11,17.17
1988-02-12,16.84
1988-02-15,16.84
1988-02-16,16.80
1988-02-17,16.62
1988-02-18,16.50
1988-02-19,16.73
1988-02-22,16.64
1988-02-23,16.80
1988-02-24,16.58
1988-02-25,15.86
1988-02-26,15.77
1988-02-29,15.98
1988-03-01,15.57
1988-03-02,15.69
1988-03-03,15.35
1988-03-04,15.63
1988-03-07,15.35
1988-03-08,15.58
1988-03-09,15.52
1988-03-10,16.04
1988-03-11,16.20
1988-03-14,15.57
1988-03-15,15.81
1988-03-16,16.03
1988-03-17,16.39
1988-03-18,16.61
1988-03-21,16.52
1988-03-22,16.02
1988-03-23,16.58
1988-03-24,16.73
1988-03-25,17.07
1988-03-28,17.05
1988-03-29,17.08
1988-03-30,17.06
1988-03-31,17.09
1988-04-01,
1988-04-04,16.99
1988-04-05,16.72
1988-04-06,16.80
1988-04-07,17.05
1988-04-08,16.87
1988-04-11,17.87
1988-04-12,18.06
1988-04-13,18.12
1988-04-14,18.40
1988-04-15,18.32
1988-04-18,18.50
1988-04-19,17.92
1988-04-20,17.93
1988-04-21,18.34
1988-04-22,18.13
1988-04-25,18.36
1988-04-26,18.54
1988-04-27,18.32
1988-04-28,17.91
1988-04-29,18.10
1988-05-02,17.12
1988-05-03,17.30
1988-05-04,17.23
1988-05-05,17.41
1988-05-06,17.63
1988-05-09,17.56
1988-05-10,17.50
1988-05-11,17.48
1988-05-12,17.49
1988-05-13,17.53
1988-05-16,17.70
1988-05-17,17.72
1988-05-18,17.39
1988-05-19,17.43
1988-05-20,17.41
1988-05-23,17.01
1988-05-24,17.04
1988-05-25,17.39
1988-05-26,17.54
1988-05-27,17.45
1988-05-30,17.45
1988-05-31,17.54
1988-06-01,17.60
1988-06-02,17.67
1988-06-03,17.51
1988-06-06,17.28
1988-06-07,17.32
1988-06-08,17.35
1988-06-09,17.09
1988-06-10,16.70
1988-06-13,16.43
1988-06-14,16.85
1988-06-15,16.56
1988-06-16,16.62
1988-06-17,16.43
1988-06-20,16.02
1988-06-21,15.82
1988-06-22,16.03
1988-06-23,15.86
1988-06-24,16.03
1988-06-27,15.86
1988-06-28,16.01
1988-06-29,15.37
1988-06-30,15.20
1988-07-01,14.92
1988-07-04,
1988-07-05,15.11
1988-07-06,15.44
1988-07-07,15.83
1988-07-08,15.42
1988-07-11,14.56
1988-07-12,14.61
1988-07-13,14.35
1988-07-14,14.84
1988-07-15,14.85
1988-07-18,15.84
1988-07-19,15.16
1988-07-20,15.76
1988-07-21,16.28
1988-07-22,16.27
1988-07-25,16.09
1988-07-26,15.99
1988-07-27,16.18
1988-07-28,16.08
1988-07-29,16.37
1988-08-01,16.07
1988-08-02,15.57
1988-08-03,15.20
1988-08-04,15.12
1988-08-05,15.31
1988-08-08,15.84
1988-08-09,15.56
1988-08-10,15.65
1988-08-11,15.75
1988-08-12,15.54
1988-08-15,15.59
1988-08-16,15.51
1988-08-17,15.46
1988-08-18,15.59
1988-08-19,15.77
1988-08-22,15.75
1988-08-23,15.71
1988-08-24,15.55
1988-08-25,15.33
1988-08-26,15.35
1988-08-29,15.24
1988-08-30,15.39
1988-08-31,15.19
1988-09-01,15.05
1988-09-02,14.79
1988-09-05,14.79
1988-09-06,14.25
1988-09-07,14.29
1988-09-08,14.51
1988-09-09,14.14
1988-09-12,14.48
1988-09-13,14.55
1988-09-14,15.38
1988-09-15,14.86
1988-09-16,14.50
1988-09-19,14.72
1988-09-20,15.08
1988-09-21,15.19
1988-09-22,15.25
1988-09-23,14.26
1988-09-26,14.16
1988-09-27,14.22
1988-09-28,14.07
1988-09-29,13.91
1988-09-30,13.33
1988-10-03,13.03
1988-10-04,13.03
1988-10-05,12.58
1988-10-06,12.62
1988-10-07,12.99
1988-10-10,13.59
1988-10-11,13.63
1988-10-12,14.02
1988-10-13,14.26
1988-10-14,14.90
1988-10-17,15.16
1988-10-18,14.63
1988-10-19,15.33
1988-10-20,14.44
1988-10-21,14.22
1988-10-24,12.94
1988-10-25,13.36
1988-10-26,13.45
1988-10-27,13.67
1988-10-28,13.79
1988-10-31,13.54
1988-11-01,13.52
1988-11-02,13.78
1988-11-03,13.89
1988-11-04,14.04
1988-11-07,14.08
1988-11-08,13.70
1988-11-09,13.88
1988-11-10,13.99
1988-11-11,13.99
1988-11-14,14.25
1988-11-15,14.03
1988-11-16,13.68
1988-11-17,13.30
1988-11-18,13.47
1988-11-21,13.73
1988-11-22,14.78
1988-11-23,14.11
1988-11-24,14.11
1988-11-25,15.43
1988-11-28,14.93
1988-11-29,15.00
1988-11-30,15.42
1988-12-01,15.63
1988-12-02,15.69
1988-12-05,15.36
1988-12-06,15.51
1988-12-07,15.80
1988-12-08,15.48
1988-12-09,15.90
1988-12-12,16.08
1988-12-13,15.93
1988-12-14,16.33
1988-12-15,16.39
1988-12-16,16.81
1988-12-19,16.24
1988-12-20,17.68
1988-12-21,17.27
1988-12-22,17.36
1988-12-23,16.63
1988-12-26,
1988-12-27,16.98
1988-12-28,17.03
1988-12-29,16.81
1988-12-30,17.12
1989-01-02,
1989-01-03,17.38
1989-01-04,16.99
1989-01-05,17.45
1989-01-06,17.56
1989-01-09,17.74
1989-01-10,17.80
1989-01-11,18.16
1989-01-12,18.11
1989-01-13,18.49
1989-01-16,18.88
1989-01-17,19.03
1989-01-18,19.20
1989-01-19,19.28
1989-01-20,18.85
1989-01-23,17.66
1989-01-24,17.96
1989-01-25,18.23
1989-01-26,17.68
1989-01-27,17.74
1989-01-30,17.32
1989-01-31,17.00
1989-02-01,17.50
1989-02-02,17.72
1989-02-03,17.51
1989-02-06,17.38
1989-02-07,17.55
1989-02-08,17.49
1989-02-09,17.42
1989-02-10,17.11
1989-02-13,17.61
1989-02-14,17.60
1989-02-15,18.23
1989-02-16,18.35
1989-02-17,18.60
1989-02-20,18.60
1989-02-21,18.64
1989-02-22,18.50
1989-02-23,18.49
1989-02-24,18.06
1989-02-27,18.16
1989-02-28,18.21
1989-03-01,18.30
1989-03-02,18.68
1989-03-03,18.67
1989-03-06,18.73
1989-03-07,18.12
1989-03-08,18.57
1989-03-09,18.53
1989-03-10,18.53
1989-03-13,19.05
1989-03-14,19.47
1989-03-15,19.84
1989-03-16,19.86
1989-03-17,20.34
1989-03-20,19.53
1989-03-21,20.08
1989-03-22,20.21
1989-03-23,20.16
1989-03-24,
1989-03-27,20.55
1989-03-28,19.93
1989-03-29,20.20
1989-03-30,21.03
1989-03-31,20.27
1989-04-03,20.03
1989-04-04,20.59
1989-04-05,20.07
1989-04-06,19.85
1989-04-07,20.03
1989-04-10,20.65
1989-04-11,20.56
1989-04-12,20.66
1989-04-13,20.26
1989-04-14,20.68
1989-04-17,21.23
1989-04-18,21.74
1989-04-19,22.66
1989-04-20,24.62
1989-04-21,23.38
1989-04-24,20.64
1989-04-25,21.32
1989-04-26,21.20
1989-04-27,20.83
1989-04-28,20.38
1989-05-01,20.66
1989-05-02,19.73
1989-05-03,20.13
1989-05-04,20.57
1989-05-05,20.08
1989-05-08,19.41
1989-05-09,19.54
1989-05-10,19.56
1989-05-11,20.13
1989-05-12,20.12
1989-05-15,20.53
1989-05-16,20.58
1989-05-17,20.15
1989-05-18,20.25
1989-05-19,20.58
1989-05-22,20.92
1989-05-23,21.77
1989-05-24,19.68
1989-05-25,19.46
1989-05-26,19.55
1989-05-29,19.55
1989-05-30,19.96
1989-05-31,19.93
1989-06-01,19.83
1989-06-02,20.18
1989-06-05,20.50
1989-06-06,20.38
1989-06-07,19.70
1989-06-08,19.94
1989-06-09,19.87
1989-06-12,19.30
1989-06-13,19.50
1989-06-14,20.37
1989-06-15,20.56
1989-06-16,19.98
1989-06-19,20.88
1989-06-20,19.88
1989-06-21,19.74
1989-06-22,19.53
1989-06-23,19.71
1989-06-26,20.28
1989-06-27,20.38
1989-06-28,20.04
1989-06-29,20.27
1989-06-30,20.29
1989-07-03,20.55
1989-07-04,20.29
1989-07-05,20.98
1989-07-06,20.35
1989-07-07,20.78
1989-07-10,20.38
1989-07-11,20.75
1989-07-12,20.20
1989-07-13,20.42
1989-07-14,20.36
1989-07-17,20.49
1989-07-18,20.21
1989-07-19,19.83
1989-07-20,19.92
1989-07-21,19.86
1989-07-24,18.76
1989-07-25,18.52
1989-07-26,18.32
1989-07-27,18.15
1989-07-28,17.96
1989-07-31,18.33
1989-08-01,17.91
1989-08-02,18.28
1989-08-03,18.18
1989-08-04,18.05
1989-08-07,17.91
1989-08-08,18.06
1989-08-09,18.23
1989-08-10,18.58
1989-08-11,18.46
1989-08-14,18.60
1989-08-15,18.78
1989-08-16,18.99
1989-08-17,18.67
1989-08-18,18.82
1989-08-21,19.10
1989-08-22,19.01
1989-08-23,19.15
1989-08-24,19.02
1989-08-25,18.53
1989-08-28,18.69
1989-08-29,18.59
1989-08-30,18.85
1989-08-31,18.83
1989-09-01,18.88
1989-09-04,18.88
1989-09-05,19.08
1989-09-06,19.41
1989-09-07,19.40
1989-09-08,19.77
1989-09-11,19.77
1989-09-12,19.68
1989-09-13,19.87
1989-09-14,19.73
1989-09-15,19.96
1989-09-18,19.87
1989-09-19,19.68
1989-09-20,19.68
1989-09-21,19.69
1989-09-22,19.21
1989-09-25,19.49
1989-09-26,19.62
1989-09-27,19.61
1989-09-28,19.99
1989-09-29,20.15
1989-10-02,19.99
1989-10-03,20.15
1989-10-04,20.17
1989-10-05,19.95
1989-10-06,19.89
1989-10-09,20.04
1989-10-10,20.21
1989-10-11,20.18
1989-10-12,20.49
1989-10-13,20.91
1989-10-16,20.64
1989-10-17,20.68
1989-10-18,20.58
1989-10-19,20.37
1989-10-20,20.04
1989-10-23,19.67
1989-10-24,19.70
1989-10-25,19.60
1989-10-26,19.48
1989-10-27,19.79
1989-10-30,19.74
1989-10-31,19.88
1989-11-01,20.09
1989-11-02,20.01
1989-11-03,20.23
1989-11-06,20.06
1989-11-07,19.97
1989-11-08,19.97
1989-11-09,19.62
1989-11-10,19.84
1989-11-13,19.62
1989-11-14,19.58
1989-11-15,19.69
1989-11-16,19.88
1989-11-17,19.93
1989-11-20,20.13
1989-11-21,20.52
1989-11-22,19.80
1989-11-23,19.80
1989-11-24,19.84
1989-11-27,19.65
1989-11-28,19.33
1989-11-29,19.40
1989-11-30,19.87
1989-12-01,20.26
1989-12-04,20.24
1989-12-05,20.22
1989-12-06,20.46
1989-12-07,20.45
1989-12-08,20.41
1989-12-11,20.69
1989-12-12,20.80
1989-12-13,20.75
1989-12-14,20.67
1989-12-15,21.13
1989-12-18,22.20
1989-12-19,22.17
1989-12-20,21.58
1989-12-21,21.53
1989-12-22,21.31
1989-12-25,
1989-12-26,21.91
1989-12-27,21.78
1989-12-28,21.60
1989-12-29,21.84
1990-01-01,
1990-01-02,22.88
1990-01-03,23.81
1990-01-04,23.41
1990-01-05,23.07
1990-01-08,21.64
1990-01-09,22.25
1990-01-10,22.90
1990-01-11,23.15
1990-01-12,23.17
1990-01-15,22.36
1990-01-16,22.61
1990-01-17,22.11
1990-01-18,22.78
1990-01-19,23.70
1990-01-22,22.57
1990-01-23,22.34
1990-01-24,23.43
1990-01-25,24.48
1990-01-26,22.56
1990-01-29,22.79
1990-01-30,22.29
1990-01-31,22.69
1990-02-01,22.71
1990-02-02,23.04
1990-02-05,22.44
1990-02-06,22.36
1990-02-07,22.40
1990-02-08,22.11
1990-02-09,21.82
1990-02-12,22.02
1990-02-13,21.88
1990-02-14,22.12
1990-02-15,22.86
1990-02-16,22.46
1990-02-19,22.46
1990-02-20,22.20
1990-02-21,21.87
1990-02-22,21.40
1990-02-23,21.13
1990-02-26,21.81
1990-02-27,21.62
1990-02-28,21.55
1990-03-01,21.19
1990-03-02,21.36
1990-03-05,21.62
1990-03-06,21.30
1990-03-07,20.93
1990-03-08,20.80
1990-03-09,20.42
1990-03-12,20.26
1990-03-13,20.15
1990-03-14,20.07
1990-03-15,20.38
1990-03-16,20.09
1990-03-19,19.60
1990-03-20,19.34
1990-03-21,19.59
1990-03-22,19.85
1990-03-23,20.28
1990-03-26,20.48
1990-03-27,20.36
1990-03-28,20.09
1990-03-29,20.03
1990-03-30,20.34
1990-04-02,20.51
1990-04-03,20.23
1990-04-04,19.78
1990-04-05,19.48
1990-04-06,19.15
1990-04-09,18.32
1990-04-10,17.56
1990-04-11,18.19
1990-04-12,17.76
1990-04-13,
1990-04-16,17.87
1990-04-17,17.37
1990-04-18,16.95
1990-04-19,17.93
1990-04-20,17.90
1990-04-23,18.60
1990-04-24,17.85
1990-04-25,17.49
1990-04-26,18.50
1990-04-27,18.57
1990-04-30,18.50
1990-05-01,18.76
1990-05-02,18.63
1990-05-03,17.98
1990-05-04,17.98
1990-05-07,18.30
1990-05-08,18.26
1990-05-09,19.01
1990-05-10,19.03
1990-05-11,18.96
1990-05-14,19.73
1990-05-15,19.52
1990-05-16,19.05
1990-05-17,18.89
1990-05-18,18.78
1990-05-21,18.26
1990-05-22,17.51
1990-05-23,16.25
1990-05-24,16.02
1990-05-25,16.12
1990-05-28,
1990-05-29,18.00
1990-05-30,17.88
1990-05-31,17.47
1990-06-01,17.51
1990-06-04,17.09
1990-06-05,16.41
1990-06-06,16.91
1990-06-07,16.65
1990-06-08,16.78
1990-06-11,16.82
1990-06-12,17.39
1990-06-13,17.60
1990-06-14,17.11
1990-06-15,16.64
1990-06-18,15.92
1990-06-19,15.55
1990-06-20,15.43
1990-06-21,16.09
1990-06-22,16.50
1990-06-25,16.15
1990-06-26,17.12
1990-06-27,16.70
1990-06-28,17.18
1990-06-29,17.05
1990-07-02,16.94
1990-07-03,16.73
1990-07-04,16.73
1990-07-05,16.50
1990-07-06,16.49
1990-07-09,16.63
1990-07-10,17.05
1990-07-11,17.45
1990-07-12,18.69
1990-07-13,18.37
1990-07-16,18.67
1990-07-17,18.23
1990-07-18,18.57
1990-07-19,19.07
1990-07-20,19.61
1990-07-23,19.88
1990-07-24,19.84
1990-07-25,19.33
1990-07-26,20.33
1990-07-27,20.07
1990-07-30,20.24
1990-07-31,20.57
1990-08-01,21.59
1990-08-02,23.71
1990-08-03,23.79
1990-08-06,28.73
1990-08-07,29.60
1990-08-08,26.19
1990-08-09,25.69
1990-08-10,26.38
1990-08-13,27.07
1990-08-14,26.70
1990-08-15,26.54
1990-08-16,27.40
1990-08-17,28.65
1990-08-20,28.63
1990-08-21,28.46
1990-08-22,30.52
1990-08-23,31.67
1990-08-24,31.10
1990-08-27,27.36
1990-08-28,27.73
1990-08-29,26.15
1990-08-30,26.96
1990-08-31,27.45
1990-09-03,27.45
1990-09-04,29.30
1990-09-05,30.00
1990-09-06,31.51
1990-09-07,30.09
1990-09-10,30.83
1990-09-11,30.29
1990-09-12,30.85
1990-09-13,31.20
1990-09-14,31.79
1990-09-17,33.73
1990-09-18,33.48
1990-09-19,33.18
1990-09-20,34.44
1990-09-21,36.21
1990-09-24,39.05
1990-09-25,38.33
1990-09-26,39.12
1990-09-27,39.77
1990-09-28,39.53
1990-10-01,37.08
1990-10-02,34.43
1990-10-03,37.04
1990-10-04,36.76
1990-10-05,37.87
1990-10-08,38.88
1990-10-09,40.73
1990-10-10,39.30
1990-10-11,41.07
1990-10-12,39.42
1990-10-15,38.00
1990-10-16,39.34
1990-10-17,36.03
1990-10-18,37.03
1990-10-19,33.82
1990-10-22,28.46
1990-10-23,29.95
1990-10-24,30.80
1990-10-25,34.35
1990-10-26,33.03
1990-10-29,35.28
1990-10-30,34.93
1990-10-31,35.31
1990-11-01,35.30
1990-11-02,33.95
1990-11-05,32.05
1990-11-06,32.41
1990-11-07,35.48
1990-11-08,35.61
1990-11-09,33.91
1990-11-12,32.08
1990-11-13,33.30
1990-11-14,31.18
1990-11-15,31.05
1990-11-16,29.91
1990-11-19,31.45
1990-11-20,29.50
1990-11-21,30.08
1990-11-22,30.08
1990-11-23,32.35
1990-11-26,33.28
1990-11-27,33.05
1990-11-28,33.28
1990-11-29,32.93
1990-11-30,29.08
1990-12-03,29.40
1990-12-04,29.05
1990-12-05,27.18
1990-12-06,26.35
1990-12-07,26.61
1990-12-10,27.08
1990-12-11,26.50
1990-12-12,25.30
1990-12-13,26.45
1990-12-14,26.60
1990-12-17,27.10
1990-12-18,27.85
1990-12-19,28.26
1990-12-20,27.50
1990-12-21,27.08
1990-12-24,26.95
1990-12-25,
1990-12-26,27.35
1990-12-27,26.95
1990-12-28,27.58
1990-12-31,28.48
1991-01-01,
1991-01-02,26.53
1991-01-03,25.61
1991-01-04,24.88
1991-01-07,27.25
1991-01-08,27.50
1991-01-09,28.00
1991-01-10,27.55
1991-01-11,27.43
1991-01-14,30.13
1991-01-15,30.35
1991-01-16,32.25
1991-01-17,21.48
1991-01-18,20.05
1991-01-21,21.63
1991-01-22,24.91
1991-01-23,24.08
1991-01-24,25.63
1991-01-25,24.15
1991-01-28,21.03
1991-01-29,21.73
1991-01-30,21.08
1991-01-31,21.90
1991-02-01,21.33
1991-02-04,21.23
1991-02-05,20.70
1991-02-06,21.48
1991-02-07,21.33
1991-02-08,21.78
1991-02-11,22.44
1991-02-12,22.78
1991-02-13,22.38
1991-02-14,22.25
1991-02-15,20.73
1991-02-18,20.73
1991-02-19,20.08
1991-02-20,20.18
1991-02-21,18.48
1991-02-22,17.43
1991-02-25,17.43
1991-02-26,18.48
1991-02-27,19.03
1991-02-28,19.28
1991-03-01,19.43
1991-03-04,20.33
1991-03-05,20.50
1991-03-06,19.78
1991-03-07,19.33
1991-03-08,19.34
1991-03-11,19.00
1991-03-12,20.06
1991-03-13,20.48
1991-03-14,20.05
1991-03-15,19.88
1991-03-18,19.78
1991-03-19,20.68
1991-03-20,20.40
1991-03-21,20.78
1991-03-22,19.88
1991-03-25,19.47
1991-03-26,19.78
1991-03-27,19.45
1991-03-28,19.63
1991-03-29,
1991-04-01,19.28
1991-04-02,19.38
1991-04-03,19.48
1991-04-04,19.98
1991-04-05,20.03
1991-04-08,20.28
1991-04-09,20.58
1991-04-10,21.08
1991-04-11,20.98
1991-04-12,21.54
1991-04-15,21.85
1991-04-16,21.60
1991-04-17,21.73
1991-04-18,21.08
1991-04-19,21.16
1991-04-22,21.68
1991-04-23,21.03
1991-04-24,21.00
1991-04-25,20.95
1991-04-26,21.28
1991-04-29,21.30
1991-04-30,20.99
1991-05-01,21.28
1991-05-02,21.17
1991-05-03,21.43
1991-05-06,21.73
1991-05-07,21.72
1991-05-08,21.83
1991-05-09,21.92
1991-05-10,21.25
1991-05-13,20.89
1991-05-14,20.73
1991-05-15,21.04
1991-05-16,20.91
1991-05-17,21.19
1991-05-20,21.39
1991-05-21,20.95
1991-05-22,20.85
1991-05-23,20.95
1991-05-24,21.04
1991-05-27,
1991-05-28,21.34
1991-05-29,21.04
1991-05-30,21.30
1991-05-31,21.16
1991-06-03,21.16
1991-06-04,20.90
1991-06-05,20.45
1991-06-06,20.38
1991-06-07,20.28
1991-06-10,19.84
1991-06-11,19.85
1991-06-12,20.08
1991-06-13,19.71
1991-06-14,19.70
1991-06-17,19.97
1991-06-18,20.11
1991-06-19,19.99
1991-06-20,20.22
1991-06-21,20.10
1991-06-24,19.92
1991-06-25,20.03
1991-06-26,20.12
1991-06-27,20.41
1991-06-28,20.56
1991-07-01,20.78
1991-07-02,20.92
1991-07-03,20.69
1991-07-04,20.69
1991-07-05,20.91
1991-07-08,21.29
1991-07-09,21.35
1991-07-10,21.43
1991-07-11,21.32
1991-07-12,21.74
1991-07-15,21.50
1991-07-16,21.70
1991-07-17,22.20
1991-07-18,21.97
1991-07-19,22.16
1991-07-22,21.74
1991-07-23,21.25
1991-07-24,21.41
1991-07-25,21.11
1991-07-26,21.48
1991-07-29,21.38
1991-07-30,21.55
1991-07-31,21.70
1991-08-01,21.33
1991-08-02,21.35
1991-08-05,21.50
1991-08-06,21.39
1991-08-07,21.38
1991-08-08,21.60
1991-08-09,21.64
1991-08-12,21.71
1991-08-13,21.52
1991-08-14,21.30
1991-08-15,21.39
1991-08-16,21.29
1991-08-19,22.50
1991-08-20,22.30
1991-08-21,21.44
1991-08-22,21.93
1991-08-23,21.78
1991-08-26,21.98
1991-08-27,21.86
1991-08-28,21.77
1991-08-29,22.02
1991-08-30,22.28
1991-09-02,
1991-09-03,22.28
1991-09-04,21.76
1991-09-05,21.75
1991-09-06,21.56
1991-09-09,21.36
1991-09-10,21.44
1991-09-11,21.66
1991-09-12,21.51
1991-09-13,21.71
1991-09-16,21.84
1991-09-17,21.73
1991-09-18,21.87
1991-09-19,21.79
1991-09-20,22.02
1991-09-23,22.20
1991-09-24,22.24
1991-09-25,22.11
1991-09-26,22.23
1991-09-27,22.42
1991-09-30,22.25
1991-10-01,22.10
1991-10-02,22.34
1991-10-03,22.70
1991-10-04,22.64
1991-10-07,22.99
1991-10-08,23.02
1991-10-09,23.18
1991-10-10,23.01
1991-10-11,23.19
1991-10-14,23.48
1991-10-15,23.89
1991-10-16,23.67
1991-10-17,23.96
1991-10-18,24.12
1991-10-21,24.03
1991-10-22,23.47
1991-10-23,23.14
1991-10-24,23.47
1991-10-25,23.18
1991-10-28,23.24
1991-10-29,23.09
1991-10-30,23.11
1991-10-31,23.29
1991-11-01,23.85
1991-11-04,23.82
1991-11-05,23.78
1991-11-06,23.44
1991-11-07,23.29
1991-11-08,23.00
1991-11-11,22.66
1991-11-12,22.58
1991-11-13,22.28
1991-11-14,22.55
1991-11-15,22.79
1991-11-18,22.38
1991-11-19,21.88
1991-11-20,22.17
1991-11-21,21.93
1991-11-22,21.85
1991-11-25,22.15
1991-11-26,21.04
1991-11-27,21.38
1991-11-28,21.38
1991-11-29,21.48
1991-12-02,21.10
1991-12-03,20.61
1991-12-04,20.75
1991-12-05,20.42
1991-12-06,19.87
1991-12-09,19.39
1991-12-10,19.24
1991-12-11,19.54
1991-12-12,19.94
1991-12-13,20.09
1991-12-16,19.78
1991-12-17,19.45
1991-12-18,19.39
1991-12-19,19.12
1991-12-20,18.28
1991-12-23,18.58
1991-12-24,18.68
1991-12-25,
1991-12-26,18.63
1991-12-27,18.82
1991-12-30,18.63
1991-12-31,19.15
1992-01-01,
1992-01-02,19.43
1992-01-03,19.22
1992-01-06,19.24
1992-01-07,18.72
1992-01-08,17.95
1992-01-09,17.89
1992-01-10,18.26
1992-01-13,18.77
1992-01-14,18.40
1992-01-15,18.83
1992-01-16,18.94
1992-01-17,19.11
1992-01-20,18.92
1992-01-21,18.50
1992-01-22,18.73
1992-01-23,18.38
1992-01-24,18.75
1992-01-27,19.35
1992-01-28,19.09
1992-01-29,18.92
1992-01-30,18.95
1992-01-31,18.93
1992-02-03,18.97
1992-02-04,19.26
1992-02-05,19.50
1992-02-06,19.48
1992-02-07,19.91
1992-02-10,19.69
1992-02-11,19.36
1992-02-12,19.29
1992-02-13,19.70
1992-02-14,19.42
1992-02-17,19.42
1992-02-18,18.14
1992-02-19,18.42
1992-02-20,18.52
1992-02-21,18.60
1992-02-24,18.37
1992-02-25,18.30
1992-02-26,18.44
1992-02-27,18.77
1992-02-28,18.69
1992-03-02,18.36
1992-03-03,18.67
1992-03-04,18.62
1992-03-05,18.58
1992-03-06,18.53
1992-03-09,18.65
1992-03-10,18.62
1992-03-11,18.50
1992-03-12,18.86
1992-03-13,19.16
1992-03-16,19.15
1992-03-17,19.27
1992-03-18,19.05
1992-03-19,19.27
1992-03-20,18.78
1992-03-23,18.91
1992-03-24,19.06
1992-03-25,19.00
1992-03-26,19.31
1992-03-27,19.19
1992-03-30,19.25
1992-03-31,19.49
1992-04-01,19.85
1992-04-02,19.79
1992-04-03,20.25
1992-04-06,20.44
1992-04-07,20.29
1992-04-08,20.64
1992-04-09,20.33
1992-04-10,20.45
1992-04-13,20.24
1992-04-14,19.81
1992-04-15,19.93
1992-04-16,20.25
1992-04-17,
1992-04-20,20.26
1992-04-21,20.17
1992-04-22,19.92
1992-04-23,19.91
1992-04-24,20.05
1992-04-27,20.31
1992-04-28,20.29
1992-04-29,20.77
1992-04-30,20.88
1992-05-01,20.88
1992-05-04,21.13
1992-05-05,20.78
1992-05-06,20.79
1992-05-07,20.73
1992-05-08,20.85
1992-05-11,21.02
1992-05-12,20.98
1992-05-13,20.75
1992-05-14,20.56
1992-05-15,20.70
1992-05-18,20.54
1992-05-19,20.12
1992-05-20,20.20
1992-05-21,20.79
1992-05-22,20.79
1992-05-25,
1992-05-26,21.80
1992-05-27,22.00
1992-05-28,21.97
1992-05-29,22.13
1992-06-01,22.07
1992-06-02,22.20
1992-06-03,22.45
1992-06-04,22.53
1992-06-05,22.65
1992-06-08,22.43
1992-06-09,22.23
1992-06-10,22.49
1992-06-11,22.33
1992-06-12,22.28
1992-06-15,22.38
1992-06-16,22.23
1992-06-17,22.30
1992-06-18,22.23
1992-06-19,22.16
1992-06-22,22.47
1992-06-23,22.74
1992-06-24,23.03
1992-06-25,22.73
1992-06-26,22.42
1992-06-29,22.27
1992-06-30,21.84
1992-07-01,21.90
1992-07-02,22.08
1992-07-03,22.08
1992-07-06,21.87
1992-07-07,21.51
1992-07-08,21.38
1992-07-09,21.38
1992-07-10,21.25
1992-07-13,21.38
1992-07-14,21.42
1992-07-15,21.73
1992-07-16,21.80
1992-07-17,21.56
1992-07-20,21.78
1992-07-21,21.91
1992-07-22,21.99
1992-07-23,22.11
1992-07-24,21.95
1992-07-27,22.09
1992-07-28,22.03
1992-07-29,21.98
1992-07-30,21.82
1992-07-31,21.83
1992-08-03,21.60
1992-08-04,21.23
1992-08-05,21.18
1992-08-06,21.41
1992-08-07,21.27
1992-08-10,21.12
1992-08-11,21.00
1992-08-12,21.13
1992-08-13,21.35
1992-08-14,21.31
1992-08-17,21.47
1992-08-18,21.54
1992-08-19,21.33
1992-08-20,21.40
1992-08-21,21.19
1992-08-24,21.85
1992-08-25,21.60
1992-08-26,21.24
1992-08-27,21.14
1992-08-28,21.30
1992-08-31,21.46
1992-09-01,21.72
1992-09-02,21.65
1992-09-03,21.69
1992-09-04,21.77
1992-09-07,21.77
1992-09-08,21.98
1992-09-09,22.00
1992-09-10,21.93
1992-09-11,22.00
1992-09-14,22.35
1992-09-15,22.13
1992-09-16,22.39
1992-09-17,22.23
1992-09-18,21.96
1992-09-21,21.91
1992-09-22,21.78
1992-09-23,21.78
1992-09-24,21.57
1992-09-25,21.51
1992-09-28,21.78
1992-09-29,21.66
1992-09-30,21.83
1992-10-01,21.83
1992-10-02,21.93
1992-10-05,21.76
1992-10-06,21.85
1992-10-07,21.89
1992-10-08,21.99
1992-10-09,21.99
1992-10-12,22.28
1992-10-13,22.12
1992-10-14,22.16
1992-10-15,22.37
1992-10-16,22.31
1992-10-19,22.18
1992-10-20,21.88
1992-10-21,21.49
1992-10-22,21.22
1992-10-23,21.11
1992-10-26,21.14
1992-10-27,21.03
1992-10-28,21.17
1992-10-29,20.71
1992-10-30,20.68
1992-11-02,20.77
1992-11-03,20.60
1992-11-04,20.33
1992-11-05,20.62
1992-11-06,20.26
1992-11-09,20.63
1992-11-10,20.54
1992-11-11,20.46
1992-11-12,20.19
1992-11-13,20.04
1992-11-16,20.37
1992-11-17,20.32
1992-11-18,20.21
1992-11-19,20.50
1992-11-20,20.37
1992-11-23,20.01
1992-11-24,20.06
1992-11-25,20.29
1992-11-26,
1992-11-27,20.29
1992-11-30,19.91
1992-12-01,19.56
1992-12-02,19.38
1992-12-03,19.08
1992-12-04,18.95
1992-12-07,19.17
1992-12-08,18.69
1992-12-09,18.86
1992-12-10,19.26
1992-12-11,19.09
1992-12-14,19.06
1992-12-15,18.94
1992-12-16,19.42
1992-12-17,19.68
1992-12-18,19.81
1992-12-21,19.92
1992-12-22,19.79
1992-12-23,19.97
1992-12-24,19.97
1992-12-25,
1992-12-28,19.77
1992-12-29,19.62
1992-12-30,19.63
1992-12-31,19.49
1993-01-01,
1993-01-04,19.03
1993-01-05,19.13
1993-01-06,19.03
1993-01-07,18.92
1993-01-08,18.90
1993-01-11,18.78
1993-01-12,18.21
1993-01-13,18.51
1993-01-14,18.71
1993-01-15,18.89
1993-01-18,18.94
1993-01-19,18.40
1993-01-20,18.35
1993-01-21,18.71
1993-01-22,18.64
1993-01-25,19.51
1993-01-26,19.67
1993-01-27,19.66
1993-01-28,20.38
1993-01-29,20.27
1993-02-01,20.32
1993-02-02,20.00
1993-02-03,
1993-02-04,20.29
1993-02-05,20.27
1993-02-08,20.07
1993-02-09,20.12
1993-02-10,20.20
1993-02-11,20.29
1993-02-12,19.96
1993-02-15,
1993-02-16,19.59
1993-02-17,19.30
1993-02-18,19.44
1993-02-19,19.69
1993-02-22,20.08
1993-02-23,20.49
1993-02-24,20.28
1993-02-25,20.63
1993-02-26,20.53
1993-03-01,20.62
1993-03-02,20.48
1993-03-03,20.46
1993-03-04,21.05
1993-03-05,20.85
1993-03-08,20.63
1993-03-09,20.71
1993-03-10,20.42
1993-03-11,20.12
1993-03-12,20.38
1993-03-15,20.18
1993-03-16,20.04
1993-03-17,20.14
1993-03-18,20.29
1993-03-19,20.05
1993-03-22,19.52
1993-03-23,19.98
1993-03-24,19.97
1993-03-25,20.12
1993-03-26,20.42
1993-03-29,20.27
1993-03-30,20.27
1993-03-31,20.44
1993-04-01,20.54
1993-04-02,20.67
1993-04-05,20.59
1993-04-06,20.33
1993-04-07,20.35
1993-04-08,20.22
1993-04-09,
1993-04-12,20.43
1993-04-13,20.28
1993-04-14,20.38
1993-04-15,20.21
1993-04-16,20.09
1993-04-19,19.99
1993-04-20,20.05
1993-04-21,19.99
1993-04-22,19.79
1993-04-23,19.93
1993-04-26,19.83
1993-04-27,20.21
1993-04-28,
1993-04-29,20.63
1993-04-30,20.54
1993-05-03,20.58
1993-05-04,20.40
1993-05-05,20.46
1993-05-06,20.49
1993-05-07,20.43
1993-05-10,20.42
1993-05-11,20.38
1993-05-12,20.19
1993-05-13,19.80
1993-05-14,19.51
1993-05-17,19.51
1993-05-18,19.32
1993-05-19,19.15
1993-05-20,19.56
1993-05-21,19.60
1993-05-24,19.43
1993-05-25,19.75
1993-05-26,19.92
1993-05-27,20.05
1993-05-28,20.04
1993-05-31,
1993-06-01,20.20
1993-06-02,20.05
1993-06-03,19.77
1993-06-04,19.79
1993-06-07,19.60
1993-06-08,19.65
1993-06-09,19.66
1993-06-10,19.27
1993-06-11,18.99
1993-06-14,18.90
1993-06-15,18.60
1993-06-16,18.87
1993-06-17,18.70
1993-06-18,18.71
1993-06-21,18.63
1993-06-22,18.35
1993-06-23,18.44
1993-06-24,18.36
1993-06-25,18.83
1993-06-28,18.89
1993-06-29,18.99
1993-06-30,18.82
1993-07-01,18.44
1993-07-02,17.93
1993-07-05,
1993-07-06,18.29
1993-07-07,18.06
1993-07-08,17.79
1993-07-09,17.92
1993-07-12,18.12
1993-07-13,18.05
1993-07-14,17.43
1993-07-15,17.73
1993-07-16,17.29
1993-07-19,17.68
1993-07-20,17.20
1993-07-21,17.60
1993-07-22,17.57
1993-07-23,17.67
1993-07-26,18.11
1993-07-27,18.50
1993-07-28,18.25
1993-07-29,18.12
1993-07-30,17.94
1993-08-02,17.90
1993-08-03,17.81
1993-08-04,17.82
1993-08-05,17.54
1993-08-06,17.30
1993-08-09,17.58
1993-08-10,17.58
1993-08-11,17.87
1993-08-12,18.16
1993-08-13,18.14
1993-08-16,17.84
1993-08-17,17.95
1993-08-18,17.68
1993-08-19,17.64
1993-08-20,18.09
1993-08-23,18.42
1993-08-24,18.38
1993-08-25,18.45
1993-08-26,18.40
1993-08-27,18.82
1993-08-30,18.63
1993-08-31,18.24
1993-09-01,17.92
1993-09-02,17.97
1993-09-03,17.72
1993-09-06,
1993-09-07,17.14
1993-09-08,17.00
1993-09-09,16.97
1993-09-10,16.74
1993-09-13,16.98
1993-09-14,16.94
1993-09-15,16.85
1993-09-16,16.85
1993-09-17,17.10
1993-09-20,17.68
1993-09-21,18.12
1993-09-22,17.53
1993-09-23,17.52
1993-09-24,17.52
1993-09-27,17.52
1993-09-28,18.07
1993-09-29,18.73
1993-09-30,18.72
1993-10-01,18.63
1993-10-04,18.40
1993-10-05,18.43
1993-10-06,18.43
1993-10-07,18.49
1993-10-08,18.53
1993-10-11,18.76
1993-10-12,18.70
1993-10-13,18.65
1993-10-14,18.50
1993-10-15,18.24
1993-10-18,18.13
1993-10-19,18.04
1993-10-20,18.25
1993-10-21,18.28
1993-10-22,17.92
1993-10-25,17.36
1993-10-26,17.55
1993-10-27,17.66
1993-10-28,17.30
1993-10-29,16.97
1993-11-01,17.50
1993-11-02,17.03
1993-11-03,17.47
1993-11-04,17.38
1993-11-05,17.09
1993-11-08,16.69
1993-11-09,16.71
1993-11-10,16.54
1993-11-11,16.91
1993-11-12,16.72
1993-11-15,16.78
1993-11-16,16.69
1993-11-17,17.08
1993-11-18,16.67
1993-11-19,16.55
1993-11-22,16.67
1993-11-23,16.39
1993-11-24,15.73
1993-11-25,
1993-11-26,15.53
1993-11-29,15.30
1993-11-30,15.36
1993-12-01,15.45
1993-12-02,14.93
1993-12-03,15.03
1993-12-06,14.57
1993-12-07,14.53
1993-12-08,14.61
1993-12-09,14.65
1993-12-10,15.04
1993-12-13,14.50
1993-12-14,14.47
1993-12-15,14.39
1993-12-16,14.21
1993-12-17,13.98
1993-12-20,14.20
1993-12-21,14.32
1993-12-22,14.61
1993-12-23,14.48
1993-12-24,
1993-12-27,14.09
1993-12-28,14.11
1993-12-29,14.45
1993-12-30,14.19
1993-12-31,
1994-01-03,14.52
1994-01-04,14.66
1994-01-05,15.30
1994-01-06,15.36
1994-01-07,15.33
1994-01-10,14.65
1994-01-11,14.95
1994-01-12,14.36
1994-01-13,14.56
1994-01-14,14.81
1994-01-17,15.15
1994-01-18,14.92
1994-01-19,15.25
1994-01-20,14.95
1994-01-21,14.85
1994-01-24,15.09
1994-01-25,15.26
1994-01-26,15.50
1994-01-27,15.48
1994-01-28,15.37
1994-01-31,15.24
1994-02-01,15.91
1994-02-02,16.06
1994-02-03,15.97
1994-02-04,15.63
1994-02-07,15.31
1994-02-08,15.12
1994-02-09,14.64
1994-02-10,14.59
1994-02-11,14.71
1994-02-14,14.15
1994-02-15,14.13
1994-02-16,13.89
1994-02-17,14.26
1994-02-18,14.21
1994-02-21,
1994-02-22,14.28
1994-02-23,14.18
1994-02-24,14.82
1994-02-25,14.48
1994-02-28,14.50
1994-03-01,14.78
1994-03-02,14.80
1994-03-03,14.74
1994-03-04,14.57
1994-03-07,14.14
1994-03-08,14.17
1994-03-09,14.23
1994-03-10,14.19
1994-03-11,14.47
1994-03-14,14.52
1994-03-15,14.82
1994-03-16,15.03
1994-03-17,14.83
1994-03-18,14.88
1994-03-21,15.37
1994-03-22,15.04
1994-03-23,14.94
1994-03-24,15.21
1994-03-25,15.19
1994-03-28,14.15
1994-03-29,14.41
1994-03-30,14.40
1994-03-31,14.78
1994-04-01,
1994-04-04,15.67
1994-04-05,15.67
1994-04-06,15.77
1994-04-07,15.59
1994-04-08,15.57
1994-04-11,15.86
1994-04-12,15.74
1994-04-13,15.96
1994-04-14,16.20
1994-04-15,16.58
1994-04-18,16.64
1994-04-19,16.43
1994-04-20,16.65
1994-04-21,17.56
1994-04-22,17.84
1994-04-25,17.66
1994-04-26,16.82
1994-04-27,16.70
1994-04-28,16.57
1994-04-29,16.92
1994-05-02,17.18
1994-05-03,16.93
1994-05-04,16.85
1994-05-05,17.28
1994-05-06,17.74
1994-05-09,17.72
1994-05-10,17.62
1994-05-11,17.84
1994-05-12,18.27
1994-05-13,18.20
1994-05-16,17.99
1994-05-17,17.61
1994-05-18,18.02
1994-05-19,18.49
1994-05-20,18.93
1994-05-23,18.69
1994-05-24,18.40
1994-05-25,17.83
1994-05-26,17.76
1994-05-27,18.02
1994-05-30,
1994-05-31,18.30
1994-06-01,18.29
1994-06-02,18.25
1994-06-03,18.11
1994-06-06,18.10
1994-06-07,17.78
1994-06-08,18.28
1994-06-09,18.67
1994-06-10,18.48
1994-06-13,18.82
1994-06-14,18.94
1994-06-15,19.75
1994-06-16,19.83
1994-06-17,20.72
1994-06-20,20.68
1994-06-21,20.08
1994-06-22,19.59
1994-06-23,19.38
1994-06-24,19.28
1994-06-27,18.96
1994-06-28,19.14
1994-06-29,18.82
1994-06-30,19.37
1994-07-01,19.52
1994-07-04,
1994-07-05,19.62
1994-07-06,19.30
1994-07-07,19.15
1994-07-08,19.48
1994-07-11,20.17
1994-07-12,20.40
1994-07-13,20.14
1994-07-14,20.18
1994-07-15,19.89
1994-07-18,19.38
1994-07-19,19.49
1994-07-20,19.15
1994-07-21,19.32
1994-07-22,19.59
1994-07-25,19.42
1994-07-26,19.26
1994-07-27,19.46
1994-07-28,19.87
1994-07-29,20.30
1994-08-01,20.65
1994-08-02,20.22
1994-08-03,20.06
1994-08-04,20.14
1994-08-05,19.37
1994-08-08,19.41
1994-08-09,19.29
1994-08-10,18.96
1994-08-11,18.67
1994-08-12,18.05
1994-08-15,18.24
1994-08-16,17.64
1994-08-17,18.08
1994-08-18,17.73
1994-08-19,17.56
1994-08-22,16.87
1994-08-23,17.09
1994-08-24,17.54
1994-08-25,17.49
1994-08-26,17.14
1994-08-29,17.62
1994-08-30,17.40
1994-08-31,17.60
1994-09-01,17.47
1994-09-02,17.52
1994-09-05,
1994-09-06,17.62
1994-09-07,17.84
1994-09-08,17.62
1994-09-09,17.53
1994-09-12,17.39
1994-09-13,17.00
1994-09-14,16.72
1994-09-15,16.72
1994-09-16,16.84
1994-09-19,17.21
1994-09-20,17.24
1994-09-21,17.06
1994-09-22,17.65
1994-09-23,17.76
1994-09-26,17.68
1994-09-27,17.48
1994-09-28,17.69
1994-09-29,17.96
1994-09-30,18.36
1994-10-03,18.16
1994-10-04,17.97
1994-10-05,18.01
1994-10-06,18.24
1994-10-07,18.27
1994-10-10,17.95
1994-10-11,17.74
1994-10-12,17.13
1994-10-13,17.03
1994-10-14,16.98
1994-10-17,17.11
1994-10-18,17.34
1994-10-19,17.43
1994-10-20,17.57
1994-10-21,17.31
1994-10-24,17.50
1994-10-25,17.71
1994-10-26,18.01
1994-10-27,18.17
1994-10-28,18.25
1994-10-31,18.16
1994-11-01,18.66
1994-11-02,18.90
1994-11-03,18.97
1994-11-04,18.76
1994-11-07,18.38
1994-11-08,18.46
1994-11-09,18.16
1994-11-10,18.18
1994-11-11,18.07
1994-11-14,17.48
1994-11-15,17.58
1994-11-16,17.38
1994-11-17,17.63
1994-11-18,17.47
1994-11-21,17.43
1994-11-22,17.70
1994-11-23,18.05
1994-11-24,
1994-11-25,
1994-11-28,18.10
1994-11-29,17.97
1994-11-30,18.06
1994-12-01,17.77
1994-12-02,17.00
1994-12-05,16.88
1994-12-06,16.93
1994-12-07,16.86
1994-12-08,17.14
1994-12-09,17.12
1994-12-12,16.92
1994-12-13,16.98
1994-12-14,16.96
1994-12-15,16.60
1994-12-16,16.84
1994-12-19,16.91
1994-12-20,16.98
1994-12-21,17.07
1994-12-22,17.15
1994-12-23,17.41
1994-12-26,
1994-12-27,17.63
1994-12-28,17.74
1994-12-29,17.69
1994-12-30,17.77
1995-01-02,
1995-01-03,17.45
1995-01-04,17.56
1995-01-05,17.76
1995-01-06,17.69
1995-01-09,17.40
1995-01-10,17.42
1995-01-11,17.70
1995-01-12,17.72
1995-01-13,17.52
1995-01-16,17.89
1995-01-17,18.47
1995-01-18,18.72
1995-01-19,18.70
1995-01-20,18.46
1995-01-23,18.16
1995-01-24,18.53
1995-01-25,18.82
1995-01-26,18.23
1995-01-27,17.95
1995-01-30,18.20
1995-01-31,18.48
1995-02-01,18.48
1995-02-02,18.54
1995-02-03,18.78
1995-02-06,18.58
1995-02-07,18.43
1995-02-08,18.36
1995-02-09,18.28
1995-02-10,18.47
1995-02-13,18.29
1995-02-14,18.44
1995-02-15,18.46
1995-02-16,18.63
1995-02-17,18.94
1995-02-20,
1995-02-21,18.86
1995-02-22,18.84
1995-02-23,18.59
1995-02-24,18.70
1995-02-27,18.64
1995-02-28,18.52
1995-03-01,18.31
1995-03-02,18.40
1995-03-03,18.63
1995-03-06,18.56
1995-03-07,18.59
1995-03-08,18.30
1995-03-09,17.98
1995-03-10,17.92
1995-03-13,18.19
1995-03-14,17.90
1995-03-15,18.12
1995-03-16,18.18
1995-03-17,18.27
1995-03-20,18.58
1995-03-21,18.44
1995-03-22,18.91
1995-03-23,18.85
1995-03-24,18.68
1995-03-27,19.08
1995-03-28,18.95
1995-03-29,19.21
1995-03-30,19.17
1995-03-31,19.18
1995-04-03,19.05
1995-04-04,19.11
1995-04-05,19.57
1995-04-06,19.74
1995-04-07,19.67
1995-04-10,19.61
1995-04-11,19.84
1995-04-12,19.50
1995-04-13,19.16
1995-04-14,
1995-04-17,19.80
1995-04-18,20.14
1995-04-19,20.40
1995-04-20,20.52
1995-04-21,20.46
1995-04-24,20.13
1995-04-25,20.31
1995-04-26,20.18
1995-04-27,20.48
1995-04-28,20.36
1995-05-01,20.53
1995-05-02,20.18
1995-05-03,19.88
1995-05-04,20.30
1995-05-05,20.33
1995-05-08,20.32
1995-05-09,19.67
1995-05-10,19.76
1995-05-11,19.40
1995-05-12,19.55
1995-05-15,19.91
1995-05-16,20.01
1995-05-17,19.94
1995-05-18,19.99
1995-05-19,20.06
1995-05-22,19.86
1995-05-23,19.81
1995-05-24,19.34
1995-05-25,19.12
1995-05-26,18.70
1995-05-29,
1995-05-30,18.78
1995-05-31,18.88
1995-06-01,18.89
1995-06-02,19.14
1995-06-05,19.25
1995-06-06,19.16
1995-06-07,19.08
1995-06-08,18.94
1995-06-09,18.83
1995-06-12,18.87
1995-06-13,18.93
1995-06-14,19.05
1995-06-15,18.90
1995-06-16,18.80
1995-06-19,18.23
1995-06-20,18.01
1995-06-21,17.59
1995-06-22,17.76
1995-06-23,17.81
1995-06-26,17.67
1995-06-27,17.95
1995-06-28,17.98
1995-06-29,17.59
1995-06-30,17.38
1995-07-03,17.33
1995-07-04,
1995-07-05,17.21
1995-07-06,17.42
1995-07-07,17.14
1995-07-10,17.35
1995-07-11,17.31
1995-07-12,17.49
1995-07-13,17.25
1995-07-14,17.32
1995-07-17,17.28
1995-07-18,17.33
1995-07-19,17.33
1995-07-20,17.03
1995-07-21,17.07
1995-07-24,17.17
1995-07-25,17.45
1995-07-26,17.47
1995-07-27,17.51
1995-07-28,17.43
1995-07-31,17.62
1995-08-01,17.59
1995-08-02,17.95
1995-08-03,17.72
1995-08-04,17.74
1995-08-07,17.65
1995-08-08,17.86
1995-08-09,17.77
1995-08-10,17.91
1995-08-11,17.86
1995-08-14,17.48
1995-08-15,17.40
1995-08-16,17.59
1995-08-17,17.65
1995-08-18,17.87
1995-08-21,18.26
1995-08-22,18.54
1995-08-23,18.79
1995-08-24,19.60
1995-08-25,19.91
1995-08-28,17.84
1995-08-29,17.87
1995-08-30,17.74
1995-08-31,17.89
1995-09-01,18.08
1995-09-04,
1995-09-05,18.49
1995-09-06,18.27
1995-09-07,18.27
1995-09-08,18.44
1995-09-11,18.49
1995-09-12,18.76
1995-09-13,18.53
1995-09-14,18.87
1995-09-15,18.94
1995-09-18,18.92
1995-09-19,19.01
1995-09-20,18.53
1995-09-21,17.89
1995-09-22,17.27
1995-09-25,17.38
1995-09-26,17.47
1995-09-27,17.64
1995-09-28,17.72
1995-09-29,17.54
1995-10-02,17.67
1995-10-03,17.56
1995-10-04,17.32
1995-10-05,16.86
1995-10-06,17.03
1995-10-09,17.36
1995-10-10,17.29
1995-10-11,17.28
1995-10-12,17.08
1995-10-13,17.38
1995-10-16,17.60
1995-10-17,17.59
1995-10-18,17.57
1995-10-19,17.34
1995-10-20,17.44
1995-10-23,17.48
1995-10-24,17.61
1995-10-25,17.58
1995-10-26,17.61
1995-10-27,17.54
1995-10-30,17.67
1995-10-31,17.67
1995-11-01,17.74
1995-11-02,17.94
1995-11-03,17.93
1995-11-06,17.68
1995-11-07,17.62
1995-11-08,17.82
1995-11-09,17.83
1995-11-10,17.83
1995-11-13,17.78
1995-11-14,17.89
1995-11-15,17.92
1995-11-16,18.16
1995-11-17,18.56
1995-11-20,18.14
1995-11-21,17.89
1995-11-22,17.93
1995-11-23,
1995-11-24,
1995-11-27,18.37
1995-11-28,18.28
1995-11-29,18.27
1995-11-30,18.27
1995-12-01,18.43
1995-12-04,18.61
1995-12-05,18.66
1995-12-06,18.76
1995-12-07,18.69
1995-12-08,18.97
1995-12-11,18.62
1995-12-12,18.80
1995-12-13,19.01
1995-12-14,19.14
1995-12-15,19.51
1995-12-18,19.71
1995-12-19,19.05
1995-12-20,18.87
1995-12-21,18.83
1995-12-22,19.12
1995-12-25,
1995-12-26,19.25
1995-12-27,19.49
1995-12-28,19.47
1995-12-29,19.54
1996-01-01,
1996-01-02,19.83
1996-01-03,19.90
1996-01-04,19.96
1996-01-05,20.26
1996-01-08,20.50
1996-01-09,19.86
1996-01-10,19.66
1996-01-11,18.87
1996-01-12,18.28
1996-01-15,18.42
1996-01-16,18.12
1996-01-17,18.58
1996-01-18,19.12
1996-01-19,18.94
1996-01-22,18.49
1996-01-23,18.58
1996-01-24,18.95
1996-01-25,18.06
1996-01-26,17.68
1996-01-29,17.33
1996-01-30,17.65
1996-01-31,17.76
1996-02-01,17.63
1996-02-02,17.83
1996-02-05,17.53
1996-02-06,17.74
1996-02-07,17.71
1996-02-08,17.79
1996-02-09,17.83
1996-02-12,18.01
1996-02-13,18.96
1996-02-14,18.86
1996-02-15,19.02
1996-02-16,19.16
1996-02-19,
1996-02-20,21.07
1996-02-21,21.63
1996-02-22,22.14
1996-02-23,20.97
1996-02-26,19.45
1996-02-27,19.65
1996-02-28,19.30
1996-02-29,19.59
1996-03-01,19.45
1996-03-04,19.24
1996-03-05,19.65
1996-03-06,20.16
1996-03-07,19.87
1996-03-08,19.66
1996-03-11,19.92
1996-03-12,20.42
1996-03-13,20.49
1996-03-14,21.18
1996-03-15,21.99
1996-03-18,23.23
1996-03-19,24.56
1996-03-20,22.74
1996-03-21,22.44
1996-03-22,22.85
1996-03-25,23.23
1996-03-26,22.38
1996-03-27,21.64
1996-03-28,21.45
1996-03-29,21.43
1996-04-01,22.29
1996-04-02,22.68
1996-04-03,22.22
1996-04-04,22.75
1996-04-05,
1996-04-08,23.01
1996-04-09,23.23
1996-04-10,24.08
1996-04-11,25.15
1996-04-12,24.29
1996-04-15,25.13
1996-04-16,24.48
1996-04-17,24.67
1996-04-18,23.47
1996-04-19,23.96
1996-04-22,23.94
1996-04-23,24.39
1996-04-24,24.00
1996-04-25,24.35
1996-04-26,22.33
1996-04-29,22.07
1996-04-30,20.95
1996-05-01,20.81
1996-05-02,20.78
1996-05-03,21.19
1996-05-06,21.06
1996-05-07,21.07
1996-05-08,21.13
1996-05-09,20.65
1996-05-10,21.01
1996-05-13,21.23
1996-05-14,21.35
1996-05-15,21.28
1996-05-16,20.79
1996-05-17,20.64
1996-05-20,22.28
1996-05-21,21.95
1996-05-22,23.02
1996-05-23,22.35
1996-05-24,21.58
1996-05-27,
1996-05-28,21.10
1996-05-29,20.65
1996-05-30,19.95
1996-05-31,19.77
1996-06-03,19.86
1996-06-04,20.28
1996-06-05,19.73
1996-06-06,20.06
1996-06-07,20.28
1996-06-10,20.18
1996-06-11,20.13
1996-06-12,20.13
1996-06-13,20.03
1996-06-14,20.28
1996-06-17,21.43
1996-06-18,21.53
1996-06-19,20.73
1996-06-20,20.68
1996-06-21,20.38
1996-06-24,20.10
1996-06-25,20.13
1996-06-26,20.63
1996-06-27,20.98
1996-06-28,20.92
1996-07-01,21.48
1996-07-02,21.08
1996-07-03,21.38
1996-07-04,
1996-07-05,21.65
1996-07-08,21.33
1996-07-09,21.52
1996-07-10,21.56
1996-07-11,21.96
1996-07-12,21.90
1996-07-15,22.43
1996-07-16,22.28
1996-07-17,21.65
1996-07-18,21.68
1996-07-19,20.95
1996-07-22,21.05
1996-07-23,21.58
1996-07-24,20.97
1996-07-25,21.05
1996-07-26,20.13
1996-07-29,20.28
1996-07-30,20.28
1996-07-31,20.46
1996-08-01,20.95
1996-08-02,21.35
1996-08-05,21.25
1996-08-06,21.08
1996-08-07,21.35
1996-08-08,21.45
1996-08-09,21.60
1996-08-12,22.25
1996-08-13,22.35
1996-08-14,22.10
1996-08-15,21.95
1996-08-16,22.60
1996-08-19,23.10
1996-08-20,22.53
1996-08-21,22.15
1996-08-22,22.48
1996-08-23,22.23
1996-08-26,21.55
1996-08-27,21.35
1996-08-28,21.75
1996-08-29,22.20
1996-08-30,22.25
1996-09-02,
1996-09-03,23.35
1996-09-04,23.25
1996-09-05,23.45
1996-09-06,23.85
1996-09-09,23.75
1996-09-10,24.15
1996-09-11,24.75
1996-09-12,24.95
1996-09-13,24.50
1996-09-16,23.30
1996-09-17,23.40
1996-09-18,23.85
1996-09-19,23.45
1996-09-20,23.60
1996-09-23,23.83
1996-09-24,24.55
1996-09-25,24.60
1996-09-26,24.05
1996-09-27,24.60
1996-09-30,24.20
1996-10-01,24.35
1996-10-02,24.05
1996-10-03,24.85
1996-10-04,24.75
1996-10-07,25.25
1996-10-08,25.45
1996-10-09,25.00
1996-10-10,24.30
1996-10-11,24.65
1996-10-14,25.50
1996-10-15,25.45
1996-10-16,25.10
1996-10-17,25.40
1996-10-18,25.80
1996-10-21,25.85
1996-10-22,25.79
1996-10-23,24.78
1996-10-24,24.55
1996-10-25,24.80
1996-10-28,24.75
1996-10-29,24.15
1996-10-30,24.40
1996-10-31,23.25
1996-11-01,23.00
1996-11-04,22.80
1996-11-05,22.65
1996-11-06,22.75
1996-11-07,22.80
1996-11-08,23.60
1996-11-11,23.35
1996-11-12,23.40
1996-11-13,24.25
1996-11-14,24.35
1996-11-15,24.15
1996-11-18,23.85
1996-11-19,24.50
1996-11-20,23.75
1996-11-21,23.90
1996-11-22,24.15
1996-11-25,25.75
1996-11-26,23.70
1996-11-27,23.70
1996-11-28,
1996-11-29,23.70
1996-12-02,24.70
1996-12-03,24.80
1996-12-04,25.00
1996-12-05,25.60
1996-12-06,25.60
1996-12-09,25.15
1996-12-10,24.25
1996-12-11,23.40
1996-12-12,23.75
1996-12-13,24.45
1996-12-16,25.70
1996-12-17,25.70
1996-12-18,26.05
1996-12-19,26.55
1996-12-20,26.10
1996-12-23,26.40
1996-12-24,25.05
1996-12-25,
1996-12-26,25.10
1996-12-27,25.20
1996-12-30,25.35
1996-12-31,25.90
1997-01-01,
1997-01-02,25.55
1997-01-03,25.55
1997-01-06,26.25
1997-01-07,26.25
1997-01-08,26.55
1997-01-09,26.30
1997-01-10,26.15
1997-01-13,25.20
1997-01-14,25.10
1997-01-15,25.95
1997-01-16,25.45
1997-01-17,25.40
1997-01-20,25.10
1997-01-21,24.80
1997-01-22,24.40
1997-01-23,23.85
1997-01-24,23.85
1997-01-27,23.85
1997-01-28,23.90
1997-01-29,24.50
1997-01-30,24.80
1997-01-31,24.15
1997-02-03,24.20
1997-02-04,24.00
1997-02-05,23.90
1997-02-06,23.05
1997-02-07,22.30
1997-02-10,22.45
1997-02-11,22.35
1997-02-12,21.75
1997-02-13,22.10
1997-02-14,22.40
1997-02-17,
1997-02-18,22.50
1997-02-19,22.65
1997-02-20,21.95
1997-02-21,21.60
1997-02-24,21.00
1997-02-25,20.95
1997-02-26,21.10
1997-02-27,20.80
1997-02-28,20.30
1997-03-03,20.25
1997-03-04,20.75
1997-03-05,20.50
1997-03-06,21.00
1997-03-07,21.35
1997-03-10,20.50
1997-03-11,20.15
1997-03-12,20.60
1997-03-13,20.65
1997-03-14,21.30
1997-03-17,20.90
1997-03-18,22.00
1997-03-19,22.00
1997-03-20,22.00
1997-03-21,21.70
1997-03-24,21.00
1997-03-25,20.95
1997-03-26,20.65
1997-03-27,20.70
1997-03-28,
1997-03-31,20.35
1997-04-01,20.30
1997-04-02,19.55
1997-04-03,19.45
1997-04-04,19.15
1997-04-07,19.25
1997-04-08,19.35
1997-04-09,19.25
1997-04-10,19.55
1997-04-11,19.50
1997-04-14,19.90
1997-04-15,19.60
1997-04-16,19.35
1997-04-17,19.50
1997-04-18,19.90
1997-04-21,20.35
1997-04-22,19.60
1997-04-23,19.65
1997-04-24,19.85
1997-04-25,19.80
1997-04-28,19.85
1997-04-29,20.40
1997-04-30,20.20
1997-05-01,19.90
1997-05-02,19.60
1997-05-05,19.60
1997-05-06,19.70
1997-05-07,19.60
1997-05-08,20.35
1997-05-09,20.45
1997-05-12,21.40
1997-05-13,21.10
1997-05-14,21.35
1997-05-15,21.30
1997-05-16,22.10
1997-05-19,21.50
1997-05-20,21.20
1997-05-21,21.60
1997-05-22,21.60
1997-05-23,21.25
1997-05-26,
1997-05-27,20.75
1997-05-28,20.70
1997-05-29,21.15
1997-05-30,21.00
1997-06-02,21.15
1997-06-03,20.35
1997-06-04,20.30
1997-06-05,19.80
1997-06-06,19.00
1997-06-09,18.85
1997-06-10,18.85
1997-06-11,18.75
1997-06-12,19.00
1997-06-13,18.95
1997-06-16,19.10
1997-06-17,19.30
1997-06-18,18.90
1997-06-19,18.75
1997-06-20,18.60
1997-06-23,18.90
1997-06-24,18.71
1997-06-25,19.12
1997-06-26,18.84
1997-06-27,19.42
1997-06-30,19.82
1997-07-01,20.11
1997-07-02,20.39
1997-07-03,19.48
1997-07-04,
1997-07-07,19.53
1997-07-08,19.67
1997-07-09,19.40
1997-07-10,19.22
1997-07-11,19.39
1997-07-14,18.92
1997-07-15,19.81
1997-07-16,19.57
1997-07-17,19.92
1997-07-18,19.22
1997-07-21,19.25
1997-07-22,19.25
1997-07-23,19.68
1997-07-24,19.71
1997-07-25,19.71
1997-07-28,19.67
1997-07-29,20.08
1997-07-30,20.43
1997-07-31,20.19
1997-08-01,20.27
1997-08-04,20.81
1997-08-05,20.79
1997-08-06,20.46
1997-08-07,20.09
1997-08-08,19.58
1997-08-11,19.73
1997-08-12,19.91
1997-08-13,20.19
1997-08-14,20.02
1997-08-15,20.08
1997-08-18,19.94
1997-08-19,20.04
1997-08-20,20.07
1997-08-21,19.83
1997-08-22,19.70
1997-08-25,19.29
1997-08-26,19.31
1997-08-27,19.65
1997-08-28,19.59
1997-08-29,19.66
1997-09-01,
1997-09-02,19.73
1997-09-03,19.65
1997-09-04,19.46
1997-09-05,19.61
1997-09-08,19.43
1997-09-09,19.50
1997-09-10,19.50
1997-09-11,19.41
1997-09-12,19.37
1997-09-15,19.30
1997-09-16,19.67
1997-09-17,19.44
1997-09-18,19.41
1997-09-19,19.37
1997-09-22,19.61
1997-09-23,19.71
1997-09-24,20.03
1997-09-25,20.38
1997-09-26,20.87
1997-09-29,21.29
1997-09-30,21.13
1997-10-01,21.02
1997-10-02,21.82
1997-10-03,22.86
1997-10-06,21.97
1997-10-07,21.88
1997-10-08,22.19
1997-10-09,22.01
1997-10-10,22.01
1997-10-13,21.34
1997-10-14,20.75
1997-10-15,20.65
1997-10-16,20.98
1997-10-17,21.41
1997-10-20,20.69
1997-10-21,20.68
1997-10-22,21.44
1997-10-23,21.18
1997-10-24,20.99
1997-10-27,21.03
1997-10-28,20.40
1997-10-29,20.82
1997-10-30,21.26
1997-10-31,21.10
1997-11-03,20.91
1997-11-04,20.64
1997-11-05,20.44
1997-11-06,20.46
1997-11-07,20.80
1997-11-10,20.46
1997-11-11,20.54
1997-11-12,20.53
1997-11-13,20.76
1997-11-14,21.01
1997-11-17,20.29
1997-11-18,20.01
1997-11-19,19.82
1997-11-20,19.17
1997-11-21,19.76
1997-11-24,19.41
1997-11-25,19.35
1997-11-26,19.13
1997-11-27,
1997-11-28,
1997-12-01,18.76
1997-12-02,18.67
1997-12-03,18.81
1997-12-04,18.49
1997-12-05,18.72
1997-12-08,18.86
1997-12-09,18.79
1997-12-10,18.15
1997-12-11,18.18
1997-12-12,18.21
1997-12-15,18.18
1997-12-16,18.19
1997-12-17,18.22
1997-12-18,18.51
1997-12-19,18.46
1997-12-22,18.29
1997-12-23,18.39
1997-12-24,18.36
1997-12-25,
1997-12-26,18.19
1997-12-29,17.64
1997-12-30,17.60
1997-12-31,17.65
1998-01-01,
1998-01-02,17.41
1998-01-05,16.95
1998-01-06,16.64
1998-01-07,16.91
1998-01-08,17.01
1998-01-09,16.65
1998-01-12,16.53
1998-01-13,16.44
1998-01-14,16.54
1998-01-15,16.35
1998-01-16,16.48
1998-01-19,
1998-01-20,16.43
1998-01-21,16.05
1998-01-22,15.93
1998-01-23,15.65
1998-01-26,16.96
1998-01-27,17.06
1998-01-28,17.35
1998-01-29,17.93
1998-01-30,17.21
1998-02-02,17.07
1998-02-03,16.43
1998-02-04,16.42
1998-02-05,16.63
1998-02-06,16.72
1998-02-09,16.59
1998-02-10,16.48
1998-02-11,16.17
1998-02-12,15.97
1998-02-13,16.03
1998-02-16,
1998-02-17,15.64
1998-02-18,16.24
1998-02-19,16.12
1998-02-20,16.13
1998-02-23,15.23
1998-02-24,15.14
1998-02-25,15.28
1998-02-26,15.41
1998-02-27,15.44
1998-03-02,15.32
1998-03-03,15.28
1998-03-04,15.33
1998-03-05,15.34
1998-03-06,14.90
1998-03-09,14.58
1998-03-10,14.54
1998-03-11,14.30
1998-03-12,14.40
1998-03-13,14.19
1998-03-16,13.41
1998-03-17,13.67
1998-03-18,14.36
1998-03-19,14.43
1998-03-20,14.31
1998-03-23,16.14
1998-03-24,15.52
1998-03-25,16.69
1998-03-26,16.92
1998-03-27,16.84
1998-03-30,16.32
1998-03-31,15.75
1998-04-01,15.69
1998-04-02,16.04
1998-04-03,16.08
1998-04-06,15.48
1998-04-07,15.39
1998-04-08,15.71
1998-04-09,15.61
1998-04-10,
1998-04-13,15.35
1998-04-14,15.18
1998-04-15,15.64
1998-04-16,15.97
1998-04-17,15.49
1998-04-20,15.52
1998-04-21,15.57
1998-04-22,15.07
1998-04-23,13.09
1998-04-24,13.23
1998-04-27,15.43
1998-04-28,15.90
1998-04-29,15.43
1998-04-30,15.56
1998-05-01,16.25
1998-05-04,15.98
1998-05-05,15.48
1998-05-06,15.45
1998-05-07,15.26
1998-05-08,15.21
1998-05-11,15.26
1998-05-12,15.21
1998-05-13,15.01
1998-05-14,15.15
1998-05-15,14.51
1998-05-18,14.15
1998-05-19,13.01
1998-05-20,13.36
1998-05-21,14.21
1998-05-22,14.81
1998-05-25,
1998-05-26,14.90
1998-05-27,14.98
1998-05-28,14.88
1998-05-29,15.21
1998-06-01,14.99
1998-06-02,14.81
1998-06-03,14.94
1998-06-04,15.24
1998-06-05,15.13
1998-06-08,14.49
1998-06-09,13.76
1998-06-10,13.54
1998-06-11,12.67
1998-06-12,12.66
1998-06-15,11.69
1998-06-16,12.38
1998-06-17,12.55
1998-06-18,11.80
1998-06-19,11.80
1998-06-22,13.54
1998-06-23,14.65
1998-06-24,14.54
1998-06-25,13.90
1998-06-26,14.21
1998-06-29,14.29
1998-06-30,14.30
1998-07-01,14.47
1998-07-02,14.58
1998-07-03,
1998-07-06,13.87
1998-07-07,13.83
1998-07-08,14.01
1998-07-09,14.01
1998-07-10,13.96
1998-07-13,14.06
1998-07-14,14.87
1998-07-15,14.90
1998-07-16,14.54
1998-07-17,14.02
1998-07-20,13.44
1998-07-21,13.83
1998-07-22,14.29
1998-07-23,13.97
1998-07-24,13.93
1998-07-27,14.37
1998-07-28,14.20
1998-07-29,14.13
1998-07-30,14.25
1998-07-31,14.27
1998-08-03,13.93
1998-08-04,13.69
1998-08-05,13.80
1998-08-06,13.87
1998-08-07,13.85
1998-08-10,13.11
1998-08-11,12.87
1998-08-12,12.76
1998-08-13,13.44
1998-08-14,13.40
1998-08-17,13.26
1998-08-18,13.13
1998-08-19,13.21
1998-08-20,13.62
1998-08-21,13.44
1998-08-24,13.78
1998-08-25,13.90
1998-08-26,13.67
1998-08-27,13.35
1998-08-28,13.54
1998-08-31,13.29
1998-09-01,13.62
1998-09-02,13.72
1998-09-03,14.70
1998-09-04,14.59
1998-09-07,
1998-09-08,14.34
1998-09-09,14.37
1998-09-10,14.71
1998-09-11,14.39
1998-09-14,14.46
1998-09-15,14.72
1998-09-16,14.60
1998-09-17,15.07
1998-09-18,15.53
1998-09-21,15.58
1998-09-22,15.73
1998-09-23,15.80
1998-09-24,15.99
1998-09-25,15.80
1998-09-28,15.74
1998-09-29,16.01
1998-09-30,16.19
1998-10-01,15.52
1998-10-02,15.71
1998-10-05,15.24
1998-10-06,15.60
1998-10-07,15.03
1998-10-08,14.57
1998-10-09,14.64
1998-10-12,14.47
1998-10-13,14.27
1998-10-14,14.09
1998-10-15,14.08
1998-10-16,14.16
1998-10-19,13.39
1998-10-20,13.45
1998-10-21,14.14
1998-10-22,14.00
1998-10-23,14.06
1998-10-26,14.39
1998-10-27,14.19
1998-10-28,14.35
1998-10-29,14.31
1998-10-30,14.48
1998-11-02,14.45
1998-11-03,14.24
1998-11-04,14.09
1998-11-05,13.93
1998-11-06,13.93
1998-11-09,13.39
1998-11-10,13.54
1998-11-11,13.63
1998-11-12,14.04
1998-11-13,13.57
1998-11-16,12.81
1998-11-17,12.46
1998-11-18,12.33
1998-11-19,12.21
1998-11-20,12.20
1998-11-23,12.51
1998-11-24,11.48
1998-11-25,10.86
1998-11-26,
1998-11-27,
1998-11-30,11.37
1998-12-01,11.27
1998-12-02,11.31
1998-12-03,11.25
1998-12-04,11.20
1998-12-07,11.61
1998-12-08,11.33
1998-12-09,11.20
1998-12-10,10.82
1998-12-11,10.86
1998-12-14,11.30
1998-12-15,11.64
1998-12-16,12.55
1998-12-17,11.05
1998-12-18,10.95
1998-12-21,10.86
1998-12-22,10.99
1998-12-23,11.12
1998-12-24,11.03
1998-12-25,
1998-12-28,11.59
1998-12-29,11.82
1998-12-30,11.75
1998-12-31,12.14
1999-01-01,
1999-01-04,12.42
1999-01-05,12.04
1999-01-06,12.84
1999-01-07,12.99
1999-01-08,13.06
1999-01-11,13.43
1999-01-12,12.91
1999-01-13,12.33
1999-01-14,12.23
1999-01-15,12.21
1999-01-18,
1999-01-19,12.13
1999-01-20,11.82
1999-01-21,12.45
1999-01-22,12.62
1999-01-25,12.41
1999-01-26,12.16
1999-01-27,12.40
1999-01-28,12.52
1999-01-29,12.81
1999-02-01,12.36
1999-02-02,12.21
1999-02-03,12.42
1999-02-04,11.94
1999-02-05,11.85
1999-02-08,11.65
1999-02-09,11.66
1999-02-10,11.88
1999-02-11,11.94
1999-02-12,11.90
1999-02-15,
1999-02-16,11.38
1999-02-17,11.49
1999-02-18,11.97
1999-02-19,11.79
1999-02-22,11.97
1999-02-23,12.44
1999-02-24,12.49
1999-02-25,12.61
1999-02-26,12.31
1999-03-01,12.28
1999-03-02,12.66
1999-03-03,12.92
1999-03-04,13.32
1999-03-05,13.33
1999-03-08,13.63
1999-03-09,13.78
1999-03-10,14.74
1999-03-11,14.30
1999-03-12,14.51
1999-03-15,14.48
1999-03-16,14.60
1999-03-17,15.11
1999-03-18,15.11
1999-03-19,15.26
1999-03-22,15.39
1999-03-23,15.36
1999-03-24,15.18
1999-03-25,15.66
1999-03-26,16.16
1999-03-29,16.46
1999-03-30,16.66
1999-03-31,16.66
1999-04-01,16.65
1999-04-02,
1999-04-05,16.94
1999-04-06,16.79
1999-04-07,16.02
1999-04-08,15.92
1999-04-09,16.59
1999-04-12,16.44
1999-04-13,16.73
1999-04-14,16.51
1999-04-15,16.85
1999-04-16,17.34
1999-04-19,17.82
1999-04-20,17.79
1999-04-21,18.05
1999-04-22,18.02
1999-04-23,17.96
1999-04-26,17.67
1999-04-27,17.82
1999-04-28,18.43
1999-04-29,18.53
1999-04-30,18.69
1999-05-03,18.83
1999-05-04,18.94
1999-05-05,18.89
1999-05-06,18.23
1999-05-07,18.23
1999-05-10,18.57
1999-05-11,17.84
1999-05-12,17.44
1999-05-13,18.11
1999-05-14,18.04
1999-05-17,17.76
1999-05-18,17.09
1999-05-19,16.77
1999-05-20,17.04
1999-05-21,17.22
1999-05-24,16.77
1999-05-25,17.25
1999-05-26,17.32
1999-05-27,17.18
1999-05-28,16.85
1999-05-31,
1999-06-01,16.31
1999-06-02,16.61
1999-06-03,16.81
1999-06-04,17.36
1999-06-07,17.91
1999-06-08,17.66
1999-06-09,17.98
1999-06-10,17.82
1999-06-11,18.45
1999-06-14,18.24
1999-06-15,18.61
1999-06-16,17.92
1999-06-17,18.25
1999-06-18,18.01
1999-06-21,17.79
1999-06-22,17.62
1999-06-23,18.42
1999-06-24,18.26
1999-06-25,18.17
1999-06-28,18.22
1999-06-29,18.56
1999-06-30,19.33
1999-07-01,19.39
1999-07-02,19.70
1999-07-05,
1999-07-06,19.78
1999-07-07,19.98
1999-07-08,19.76
1999-07-09,19.94
1999-07-12,19.92
1999-07-13,20.33
1999-07-14,19.89
1999-07-15,20.26
1999-07-16,20.66
1999-07-19,20.28
1999-07-20,19.38
1999-07-21,19.54
1999-07-22,19.84
1999-07-23,20.41
1999-07-26,20.49
1999-07-27,20.40
1999-07-28,20.61
1999-07-29,21.09
1999-07-30,20.52
1999-08-02,20.46
1999-08-03,20.21
1999-08-04,20.49
1999-08-05,20.67
1999-08-06,20.89
1999-08-09,21.26
1999-08-10,21.31
1999-08-11,21.54
1999-08-12,21.42
1999-08-13,21.67
1999-08-16,21.34
1999-08-17,21.70
1999-08-18,21.54
1999-08-19,21.86
1999-08-20,21.66
1999-08-23,21.61
1999-08-24,21.36
1999-08-25,20.66
1999-08-26,21.09
1999-08-27,21.31
1999-08-30,21.93
1999-08-31,22.15
1999-09-01,21.79
1999-09-02,21.54
1999-09-03,22.00
1999-09-06,
1999-09-07,22.58
1999-09-08,22.64
1999-09-09,23.24
1999-09-10,23.55
1999-09-13,24.18
1999-09-14,23.86
1999-09-15,24.10
1999-09-16,24.52
1999-09-17,24.72
1999-09-20,24.32
1999-09-21,24.48
1999-09-22,24.26
1999-09-23,24.76
1999-09-24,24.81
1999-09-27,24.63
1999-09-28,24.52
1999-09-29,24.69
1999-09-30,24.54
1999-10-01,24.51
1999-10-04,23.71
1999-10-05,23.37
1999-10-06,23.24
1999-10-07,22.46
1999-10-08,20.81
1999-10-11,21.58
1999-10-12,22.93
1999-10-13,22.93
1999-10-14,22.46
1999-10-15,22.81
1999-10-18,22.44
1999-10-19,22.36
1999-10-20,22.21
1999-10-21,22.74
1999-10-22,23.48
1999-10-25,23.22
1999-10-26,23.17
1999-10-27,22.71
1999-10-28,21.59
1999-10-29,21.79
1999-11-01,22.44
1999-11-02,22.49
1999-11-03,22.59
1999-11-04,23.17
1999-11-05,22.93
1999-11-08,23.28
1999-11-09,24.21
1999-11-10,24.37
1999-11-11,24.33
1999-11-12,24.91
1999-11-15,25.31
1999-11-16,26.04
1999-11-17,26.57
1999-11-18,25.71
1999-11-19,26.61
1999-11-22,28.03
1999-11-23,26.91
1999-11-24,27.22
1999-11-25,
1999-11-26,27.22
1999-11-29,25.84
1999-11-30,24.87
1999-12-01,25.01
1999-12-02,25.88
1999-12-03,25.71
1999-12-06,26.67
1999-12-07,26.36
1999-12-08,26.69
1999-12-09,26.00
1999-12-10,25.21
1999-12-13,25.37
1999-12-14,25.87
1999-12-15,26.28
1999-12-16,26.74
1999-12-17,26.76
1999-12-20,26.55
1999-12-21,26.34
1999-12-22,25.51
1999-12-23,25.86
1999-12-24,
1999-12-27,26.36
1999-12-28,26.81
1999-12-29,26.41
1999-12-30,25.76
1999-12-31,
